"Parasite.species","num_hosts_lcdb","num_hosts_nhm","num_hosts_lcdb_nhm","lcl_max","lcl_min","pubs_lcdb","pubs_pubmed_spname","pubs_pubmed_spname_group","hosts_missing_tax_lcdb","hosts_missing_tax_comb","hsi_lcdb","var.hsi_lcdb","hsi_comb","var.hsi_comb"
"Abbreviata antarctica",14,24,28,2,2,2,2,2,0,0,3.59340659340659,2.30720927424224,3.15079365079365,1.67302847064752
"Abbreviata caucasica",6,2,6,2,2,5,10,8,1,1,3.8,3.56,3.8,3.56
"Abbreviata kazachstanica",28,3,30,3,2,3,0,0,2,3,3.76923076923077,2.04646066184528,3.73280423280423,2.04765404104028
"Abbreviata turkomanica",4,1,5,2,2,2,0,0,0,1,3.83333333333333,4.80555555555556,3.83333333333333,4.80555555555556
"Acanthobothrium brevissime",3,6,8,2,2,2,2,2,0,0,5.66666666666667,0.222222222222222,4.25,2.25892857142857
"Acanthobothrium olseni",4,2,4,3,3,3,0,0,0,0,5.33333333333333,0.888888888888889,5.33333333333333,0.888888888888889
"Acanthocephalus anguillae",8,57,57,2,2,6,27,23,0,0,3.39285714285714,2.95280612244898,3.52631578947368,1.07386888273315
"Acanthocephalus anthuris",6,6,10,2,2,3,0,0,0,2,3.73333333333333,3.52888888888889,3.60714285714286,2.95280612244898
"Acanthocephalus clavula",7,22,23,2,2,4,14,12,0,0,4.90476190476191,2.08616780045351,4.16600790513834,1.52975362839601
"Acanthocephalus dirus",11,63,66,2,2,9,12,12,0,0,4.47272727272727,3.30380165289256,4.17342657342657,1.12330317700947
"Acanthocephalus galaxii",5,NA,5,2,2,2,5,5,0,0,4.5,2.25,4.5,2.25
"Acanthocephalus lucii",8,61,61,2,2,10,53,46,0,1,4.35714285714286,1.08673469387755,4.15737704918033,1.35993191794321
"Acanthocephalus ranae",11,20,24,2,2,6,10,7,1,1,3.73333333333333,2.06222222222222,4.15217391304348,1.48408947700063
"Acanthocephalus rhinensis",2,NA,2,2,2,2,0,0,0,0,6,0,6,0
"Acanthocephalus sp.",5,35,38,2,2,1,2,1,0,0,4.6,1.64,4.47937411095306,0.582433747665461
"Acanthocephalus tumescens",6,13,14,2,2,5,7,7,0,1,4.10714285714286,2.16709183673469,3.8974358974359,1.57922419460881
"Acanthocirrus retrirostris",4,NA,4,2,2,3,0,0,0,0,3.83333333333333,4.80555555555556,3.83333333333333,4.80555555555556
"Acanthogyrus (Acanthosentis) lizae",2,NA,2,2,2,2,1,1,0,0,6,0,6,0
"Acanthosentis dattai",3,3,4,2,2,2,0,0,0,0,4.66666666666667,3.55555555555556,3.83333333333333,4.80555555555556
"Acuaria anthuris",6,32,33,2,2,4,0,0,0,3,3.13333333333333,4.24888888888889,3.74252873563218,2.43026027216277
"Acuaria depressa",7,NA,7,2,2,3,0,0,0,0,4,5.42857142857143,4,5.42857142857143
"Acuaria gruveli",3,13,16,2,2,2,2,2,0,0,4.33333333333333,5.55555555555555,2.875,2.209375
"Acuaria hamulosa",24,11,33,2,2,9,4,2,0,0,4.10869565217391,1.56789540012602,4.48484848484848,2.01492194674013
"Acuaria subula",16,1,16,2,2,3,3,3,0,0,3.26666666666667,1.21222222222222,3.26666666666667,1.21222222222222
"Aelurostrongylus abstrusus",28,7,34,3,2,12,166,92,4,5,4.41666666666667,2.22305555555556,4.62758620689655,2.21533095521205
"Aelurostrongylus falciformis",8,1,8,2,2,2,5,2,1,1,3.76190476190476,2.18140589569161,3.76190476190476,2.18140589569161
"Aelurostrongylus pridhami",21,5,25,3,2,4,1,1,0,0,5.02380952380952,1.37562358276644,4.86333333333333,1.74465555555556
"Allodapa suctoria",21,1,21,2,2,11,8,5,0,0,4.39047619047619,2.03800453514739,4.39047619047619,2.03800453514739
"Amidostomum acutum",6,27,28,1,1,6,8,7,0,1,2,2,2.53276353276353,1.20619150818581
"Amidostomum anseris",3,37,37,1,1,6,22,16,0,3,2,0,2.36302521008403,0.806027822893863
"Amidostomum fulicae",3,9,10,1,1,4,0,0,0,0,3,2,3.15555555555556,1.10913580246914
"Amirthalingamia macracantha",5,4,7,3,3,3,3,2,0,0,4,2,3.86666666666667,2.11555555555556
"Amoebotaenia cuneata",5,8,12,2,2,5,9,6,0,0,4.5,3.85,4.42307692307692,3.42357001972387
"Amphilina foliacea",13,15,20,2,2,2,10,8,0,0,4.20512820512821,3.26561472715319,4.13333333333333,4.32507936507936
"Amplicaecum robertsi",38,NA,38,3,2,4,10,4,0,0,4.64024390243902,0.964477989292088,4.6827880512091,0.868082127197198
"Ancyracanthopsis winegardi",8,8,10,2,2,1,0,0,0,0,3.32142857142857,2.64668367346939,3.2,2.24888888888889
"Andersonstrongylus captivensis",1,1,1,1,1,2,0,0,0,0,1,NA,1,NA
"Angiostrongylus andersoni",6,NA,6,2,2,2,0,0,0,0,4.4,1.44,4.4,1.44
"Angiostrongylus cantonensis",47,68,100,3,2,18,1087,437,0,14,4.7145390070922,2.78376024847845,4.81498127340824,2.0743823030201
"Angiostrongylus costaricensis",12,36,39,2,2,4,155,88,0,0,4.74242424242424,2.19123048668503,4.62253193960511,2.36274434421796
"Angiostrongylus dujardini",10,3,11,2,2,4,2,2,0,0,4.17777777777778,2.27950617283951,4.38181818181818,2.41785123966942
"Angiostrongylus mackerrasae",7,3,8,2,2,2,10,5,1,1,4.53333333333333,3.98222222222222,4.23809523809524,4.84807256235828
"Angiostrongylus malaysiensis",10,5,14,2,2,3,31,22,1,1,4.25,4.6875,4.41025641025641,3.83168967784352
"Angiostrongylus schmidti",9,1,9,2,2,2,2,2,0,0,3.94444444444444,2.8858024691358,3.94444444444444,2.8858024691358
"Angiostrongylus siamensis",8,2,9,2,2,3,5,4,0,0,3.17857142857143,2.8609693877551,2.88888888888889,2.67654320987654
"Angiostrongylus vasorum",16,9,20,3,2,8,301,147,0,1,4.66911764705882,2.3684580449827,4.68947368421053,2.36146814404432
"Anguillicola crassus",31,72,73,3,2,14,118,102,0,0,4.59139784946237,2.19433460515667,4.70881749829118,2.03141234058239
"Anguillicola globiceps",8,9,10,3,2,3,0,0,0,0,3.0952380952381,3.41950113378685,4.05555555555556,4.05246913580247
"Anguillicola novaezelandiae",5,4,6,3,2,5,9,6,0,0,3.5,6.25,3,6
"Anguillicola papernai",5,1,5,3,2,1,1,1,0,0,4.5,4.58333333333333,4.5,4.58333333333333
"Anisakis berlandi",14,NA,14,4,2,2,6,5,0,0,4.00833333333333,0.841597222222222,4.12820512820513,0.547666009204471
"Anisakis brevispiculata",7,3,8,4,2,4,11,11,0,0,3.89285714285714,1.45280612244898,4.23809523809524,0.276643990929705
"Anisakis nascettii",13,NA,13,4,2,4,4,4,0,0,4.11428571428571,2.72979591836735,4.21212121212121,2.74288337924702
"Anisakis paggiae",9,NA,9,4,2,4,10,9,0,0,4.05454545454545,1.36066115702479,4.32142857142857,0.646683673469388
"Anisakis pegreffii",110,39,115,4,2,8,115,88,0,0,4.10723486474882,0.537985441188915,4.23691838291381,0.573770518891664
"Anisakis physeteris",25,37,53,4,2,6,39,29,0,0,4.57931034482759,1.67359492667459,4.73227752639517,1.15984805570912
"Anisakis simplex",96,407,434,4,2,23,631,322,0,4,4.67430467762326,1.09793646342945,4.58827913421368,0.812903580304232
"Anisakis typica",43,33,56,4,2,7,40,34,0,0,4.04281567489115,1.19192588910118,4.12390572390572,1.19676858370461
"Anisakis ziphidarum",14,6,15,4,2,5,8,8,0,0,4.00833333333333,1.92493055555556,4.03296703296703,1.85605603188021
"Anomotaenia brevis",3,2,4,2,2,2,5,4,0,0,4.33333333333333,5.55555555555555,4.5,3.25
"Anomotaenia clavigera",5,4,8,2,2,3,0,0,0,0,3.8,3.56,3.17857142857143,2.8609693877551
"Anomotaenia constricta",11,4,13,2,2,6,3,3,0,0,3.10909090909091,2.35173553719008,3.06410256410256,2.03435239973702
"Anomotaenia pyriformis",5,NA,5,2,2,2,0,0,0,0,4.8,2.56,4.8,2.56
"Anomotaenia tringae",4,3,7,2,2,1,5,5,0,1,4.33333333333333,5.55555555555555,3.86666666666667,5.31555555555556
"Anoplocephala magna",5,6,10,2,2,5,23,18,0,0,4.2,4.96,4,4.35555555555556
"Anoplocephala manubriata",7,1,8,2,2,1,2,2,0,0,4.19047619047619,3.29705215419501,4.32142857142857,3.57525510204082
"Anoplocephala perfoliata",2,8,9,2,2,10,120,89,0,0,6,0,3.64444444444444,4.4958024691358
"Anoplotaenia dasyuri",7,12,14,2,2,1,0,0,0,0,3.66666666666667,0.412698412698413,3.46153846153846,0.644125105663567
"Anthobothrium sp. 1",6,NA,6,3,3,1,0,0,0,0,4.13333333333333,1.71555555555556,4.13333333333333,1.71555555555556
"Anthobothrium sp. 2",3,NA,3,3,3,1,0,0,0,0,3.66666666666667,3.55555555555556,3.66666666666667,3.55555555555556
"Aonchotheca bovis",6,9,11,1,1,4,0,0,0,0,2.6,0.24,2.47272727272727,0.394710743801653
"Aonchotheca bursata",9,9,15,2,2,6,0,0,0,0,3.97222222222222,4.13811728395062,4.25714285714286,3.5243537414966
"Aonchotheca caudinflata",9,37,45,2,2,5,3,3,0,0,2.83333333333333,2.91666666666667,4.13939393939394,2.10178145087236
"Aonchotheca erinacei",3,4,6,2,2,3,4,1,0,0,4.66666666666667,3.55555555555556,4.13333333333333,4.38222222222222
"Aonchotheca putorii",13,11,20,2,1,2,13,10,0,0,2.36363636363636,0.413223140495868,2.31578947368421,0.508464142813173
"Aplectana courdurieri",1,NA,1,1,1,1,0,0,0,0,0,0,1,NA
"Aplectana macintoshii",21,9,24,1,1,4,6,6,0,1,3.14761904761905,0.98297052154195,3.25,1.13677536231884
"Aploparaksis australis",12,13,14,2,2,1,0,0,0,0,4.36363636363636,3.56473829201102,4.2967032967033,3.50537374713199
"Aploparaksis birulai",4,3,5,2,2,3,0,0,0,0,4,4,4.8,3.36
"Aploparaksis brachyphallos",12,14,21,2,2,4,0,0,0,0,3.63636363636364,2.62534435261708,2.995670995671,2.16015441989468
"Aploparaksis crassirostris",7,20,22,2,2,7,0,0,0,1,4.14285714285714,3.45578231292517,3.54285714285714,2.71482993197279
"Aploparaksis demshini",5,NA,5,2,2,1,0,0,0,0,4.1,3.29,4.1,3.29
"Aploparaksis filum",7,43,44,2,2,3,0,0,0,1,3.61904761904762,5.28344671201814,3.26688815060908,3.13032110266136
"Aploparaksis furcigera",7,33,33,2,2,9,1,1,0,1,2.42857142857143,5.10204081632653,3.04356060606061,2.799238837236
"Aploparaksis kornyushini",2,NA,2,2,2,1,0,0,0,0,6,0,6,0
"Aploparaksis orientalis",3,6,6,2,2,2,0,0,0,0,4.33333333333333,5.55555555555555,4.4,3.70666666666667
"Aploparaksis penetrans",5,8,8,2,2,2,0,0,0,0,4.4,3.84,4.03571428571429,4.5344387755102
"Aploparaksis pseudofilum",11,16,16,2,2,1,0,0,0,0,4.34545454545455,3.42611570247934,4.28333333333333,3.70305555555556
"Aploparaksis rissae",8,11,12,2,2,3,0,0,0,0,4.71428571428571,2.63265306122449,4.29487179487179,3.48997370151216
"Aploparaksis sinensis",6,6,7,2,2,1,0,0,0,0,3.33333333333333,3.55555555555556,3.0952380952381,3.41950113378685
"Aporhynchus norvegicus",3,2,4,3,3,2,2,2,0,1,5.66666666666667,0.222222222222222,5.66666666666667,0.222222222222222
"Aprostatandrya cricetuli",3,NA,3,2,2,2,0,0,0,0,5,2,5,2
"Archigetes iowensis",2,NA,2,2,1,3,0,0,0,0,6,0,6,0
"Archigetes limnodrili",4,6,7,2,1,2,0,0,0,0,3.5,6.25,4.35714285714286,4.30102040816327
"Archigetes sieboldi",6,15,16,2,1,5,7,7,0,0,3.33333333333333,3.55555555555556,3.94117647058824,4.35601691657055
"Arhythmorhynchus frassoni",3,5,5,2,2,3,1,1,0,0,5.33333333333333,0.888888888888889,4.5,2.25
"Ascaridia columbae",8,12,17,1,1,5,28,19,0,1,3.14285714285714,1.19387755102041,3.44852941176471,1.30617430795848
"Ascaridia compar",3,22,22,1,1,3,3,2,0,0,2,0,2.37891737891738,0.617105380638144
"Ascaridia dissimilis",1,2,2,1,1,5,19,3,0,0,1,NA,2,0
"Ascaridia galli",3,39,39,1,1,12,566,259,0,0,2.66666666666667,0.222222222222222,3.86504723346829,2.23010084122379
"Ascaridia numidae",2,1,3,1,1,4,7,5,0,0,3,0,2.66666666666667,0.222222222222222
"Ascaris lumbricoides",2,25,25,1,1,8,3626,518,0,0,4,0,4.26461538461538,0.87767100591716
"Ascaris suum",2,10,10,1,1,11,2475,822,0,0,4,0,4.28888888888889,1.31654320987654
"Ascarophis arctica",14,28,31,2,1,5,1,1,0,0,4.21978021978022,1.51213621543292,4.3741935483871,1.65782865071106
"Ascarophis filiformis",7,7,11,2,2,2,0,0,1,1,4.26666666666667,3.66222222222222,4.24444444444444,2.27358024691358
"Ascarophis marina",4,6,6,2,2,2,2,2,0,0,5.16666666666667,1.47222222222222,5,1.2
"Ascarophis morrhuae",11,7,16,2,2,4,0,0,1,1,4.82222222222222,1.87950617283951,4.72380952380952,1.68562358276644
"Ascarophis pacificus",15,NA,15,2,2,1,0,0,1,1,4.62637362637363,2.10216157468905,4.62637362637363,2.10216157468905
"Ascarophis sp. A",2,NA,2,2,2,1,0,0,0,0,1,NA,1,NA
"Ascarophis sp. B",2,NA,2,2,2,1,0,0,0,0,1,NA,1,NA
"Ascarophis sp. C",3,NA,3,2,2,1,0,0,0,0,1,0,1,0
"Ascarophis sp. D",4,NA,4,2,2,2,0,0,0,0,3,0,3,0
"Ascarophis sp. E",3,NA,3,2,2,1,0,0,0,0,3,0,3,0
"Ascarophis sp. F",2,NA,2,2,2,1,0,0,1,1,NA,NA,NA,NA
"Ascarops strongylina",44,73,103,3,2,10,29,19,0,2,3.91717171717172,3.68404856647281,4.60632019798211,2.77629357879821
"Aspersentis megarhynchus",6,28,29,2,2,5,0,0,0,1,4.33333333333333,3.42222222222222,4.07407407407407,3.28022731726435
"Aspiculuris tetraptera",3,25,25,1,1,5,118,69,0,1,2,0,2.54461538461538,0.34647100591716
"Atactorhynchus verecundus",2,2,3,2,2,1,0,0,0,0,6,0,5.33333333333333,0.888888888888889
"Atractolytocestus sagittatus",3,NA,3,2,2,2,5,5,0,0,4.33333333333333,5.55555555555555,4.33333333333333,5.55555555555555
"Atriotaenia procyonis",2,1,2,2,2,1,6,6,0,0,6,0,6,0
"Austramphilina elongata",4,2,4,2,2,2,2,1,0,0,4.33333333333333,2.88888888888889,4.33333333333333,2.88888888888889
"Avioserpens galliardi",10,5,13,3,2,1,0,0,0,0,3.11111111111111,3.26543209876543,3.39393939393939,2.45087235996327
"Avioserpens mosgovoyi",13,13,18,3,2,5,0,0,1,1,4.96969696969697,1.39302112029385,4.91176470588235,1.88927335640138
"Avioserpens taiwana",6,NA,6,2,2,3,0,0,0,0,4.13333333333333,3.98222222222222,4.13333333333333,3.98222222222222
"Avitellina arctica",4,1,4,2,2,3,0,0,0,0,4.66666666666667,3.88888888888889,4.66666666666667,3.88888888888889
"Avitellina centripunctata",9,23,27,2,2,9,19,13,0,1,3.61111111111111,3.90432098765432,3.35714285714286,2.67294159042928
"Avitellina lahorea",4,6,6,2,2,2,5,5,0,0,4.5,4.58333333333333,4.06666666666667,4.32888888888889
"Baruscapillaria obsignata",9,35,40,1,1,9,8,7,0,1,3.69444444444444,0.545524691358025,3.65452091767881,0.625583474933571
"Batrachocamallanus slomei",3,1,3,2,2,3,1,1,0,0,4.66666666666667,3.55555555555556,4.5,4.58333333333333
"Baylisascaris columnaris",5,4,8,2,1,5,5,2,0,0,3.1,0.69,3.39285714285714,0.667091836734694
"Baylisascaris devosi",5,13,14,2,2,2,4,1,0,0,3,1,2.72527472527473,1.18826228716339
"Baylisascaris laevis",6,3,9,1,1,2,0,0,0,0,1.93333333333333,0.0622222222222222,1.83333333333333,0.138888888888889
"Baylisascaris potosis",3,NA,3,2,1,3,5,3,0,0,4,0,4,0
"Baylisascaris procyonis",13,40,47,2,1,10,191,77,0,0,3.78205128205128,0.657626561472715,4.34875115633672,0.602701955653149
"Baylisascaris schroederi",2,2,2,2,1,2,19,10,0,0,4,0,4,0
"Baylisascaris tasmaniensis",5,6,7,2,2,3,2,2,0,0,3.3,1.21,3.33333333333333,0.984126984126984
"Baylisascaris transfuga",7,6,8,2,1,8,33,22,0,1,3.33333333333333,2.6031746031746,3.10714285714286,2.80994897959184
"Bertiella mucronata",5,3,6,2,2,3,7,7,0,0,4.7,2.61,4.46666666666667,2.78222222222222
"Bertiella studeri",8,19,21,2,2,7,33,26,0,0,3.96428571428571,3.39158163265306,2.90909090909091,2.43762298307753
"Biacetabulum biloculoides",2,2,3,2,2,3,0,0,0,0,6,0,4.66666666666667,3.55555555555556
"Biacetabulum infrequens",8,NA,8,2,2,4,0,0,0,0,4.03571428571429,4.5344387755102,4.03571428571429,4.5344387755102
"Biacetabulum macrocephalum",3,NA,3,2,2,3,0,0,0,0,4.66666666666667,3.55555555555556,4.66666666666667,3.55555555555556
"Blatticola blattae",1,7,8,1,1,3,2,2,0,4,1,NA,2.5,0.25
"Bolbosoma balaenae",9,9,11,3,2,1,1,1,0,0,3.17857142857143,3.21811224489796,3.22222222222222,2.39506172839506
"Bolbosoma nipponicum",17,13,21,3,2,5,2,2,0,0,4.30147058823529,1.91646842560554,4.25238095238095,1.73154195011338
"Bolbosoma vasculosum",3,39,40,3,2,2,9,8,0,0,5,0,4.11336032388664,0.831953755456845
"Bothridium pythonis",6,NA,6,3,3,4,0,0,0,0,4.33333333333333,2.62222222222222,4.33333333333333,2.62222222222222
"Bothrimonus fallax",2,7,7,2,1,1,0,0,0,0,6,0,2.46428571428571,4.32015306122449
"Bothriocephalus acheilognathi",39,131,136,2,2,23,65,57,0,0,4.13536585365854,2.5707004759072,3.85460992907801,1.68271177793586
"Bothriocephalus barbatus",4,4,5,2,2,2,0,0,0,0,4.16666666666667,3.80555555555556,3.8,3.76
"Bothriocephalus claviceps",10,29,31,2,2,7,19,15,0,0,3.73333333333333,4.59555555555556,4.43440860215054,2.12526766100127
"Bothriocephalus cuspidatus",15,30,36,2,2,6,3,2,0,0,4.62857142857143,2.21442176870748,4.26031746031746,1.44652053413958
"Bothriocephalus gregarius",6,8,9,3,2,3,5,5,0,1,4.66666666666667,3.28888888888889,4.53571428571429,3.39158163265306
"Bothriocephalus opsariichthydis",4,24,27,2,2,1,3,1,0,0,4.66666666666667,3.55555555555556,3.83004926108374,3.67308718969157
"Bothriocephalus rarus",9,9,13,2,2,6,0,0,0,0,4.24444444444444,3.78469135802469,3.69852941176471,3.59293901384083
"Bothriocephalus scorpii",12,77,81,3,2,4,22,20,0,0,4.13333333333333,1.9631746031746,3.85998193315266,0.634715928610656
"Branchiopodataenia anaticapicirra",6,NA,6,2,2,2,0,0,0,0,4.73333333333333,2.99555555555556,4.73333333333333,2.99555555555556
"Branchiopodataenia arctowskii",9,NA,9,2,2,3,0,0,0,0,4.11111111111111,4.76543209876543,4.11111111111111,4.76543209876543
"Branchiopodataenia gvozdevi",4,NA,4,2,2,3,0,0,0,0,3.5,6.25,3.5,6.25
"Branchiopodataenia haldemani",7,NA,7,2,2,3,0,0,0,0,4.52380952380952,3.39229024943311,4.52380952380952,3.39229024943311
"Branchiopodataenia pacifica",7,NA,7,2,2,2,0,0,0,0,4.28571428571429,4.77551020408163,4.28571428571429,4.77551020408163
"Brevimulticaecum tenuicolle",5,3,6,2,2,3,0,0,0,0,3.9,1.49,4.2,1.22666666666667
"Caballerorhynchus lamothei",2,9,9,2,2,2,0,0,0,0,6,0,4.13888888888889,1.45293209876543
"Calliobothrium verticillatum",2,6,6,2,2,1,4,3,0,0,6,0,4.09523809523809,4.18140589569161
"Callotetrarhynchus nipponica",5,NA,5,4,4,7,0,0,0,0,4.5,0.583333333333333,4.5,0.583333333333333
"Camallanus anabantis",9,4,11,2,2,4,0,0,0,0,4.08333333333333,1.46527777777778,4.01818181818182,1.32694214876033
"Camallanus corderoi",4,12,14,3,2,3,4,3,1,1,5.33333333333333,0.888888888888889,3.95604395604396,1.3607052288371
"Camallanus cotti",22,29,37,2,2,9,21,20,0,0,4.15584415584416,1.00601562939225,4.02852852852853,0.919606543480417
"Camallanus lacustris",18,59,62,3,2,6,17,14,0,0,4.53157894736842,2.27005540166205,4.29861111111111,1.53384727733686
"Camallanus oxycephalus",11,32,38,3,2,3,7,7,0,0,4.35897435897436,1.58908612754767,3.84495021337127,1.271834385857
"Camallanus truncatus",6,26,30,2,2,3,4,4,0,0,4.13333333333333,3.98222222222222,4.2,1.48873563218391
"Camallanus xenentodoni",4,4,4,2,2,1,0,0,0,0,5,2.33333333333333,5,2.33333333333333
"Capillaria anatis",13,88,89,2,2,6,12,10,0,3,2.84615384615385,2.36094674556213,3.0859097127223,1.30424742823672
"Capillaria gracilis",8,27,31,3,2,2,0,0,0,0,4.60714285714286,2.02423469387755,3.80645161290323,1.1539368713146
"Capillaria oesophagealis",4,NA,4,2,2,1,0,0,0,0,4.33333333333333,5.55555555555555,4.33333333333333,5.55555555555555
"Capillaria phasianina",3,12,13,2,2,3,3,2,0,1,4.66666666666667,3.55555555555556,3.09090909090909,2.23415977961432
"Capillaria pterophylli",3,9,10,1,1,3,0,0,0,0,2,0,2.97777777777778,1.13283950617284
"Capillospirura pseudoargumentosa",3,NA,3,2,2,2,0,0,0,0,4.33333333333333,5.55555555555555,4.33333333333333,5.55555555555555
"Caryophyllaeus laticeps",6,49,49,2,2,8,34,30,0,0,3.33333333333333,3.55555555555556,3.15921568627451,2.41935624759708
"Catenotaenia pusilla",9,20,22,2,2,7,8,7,0,1,3.19444444444444,2.71219135802469,2.71861471861472,1.53554093813834
"Centrorhynchus aluconis",13,15,20,3,2,6,7,6,0,0,4.36363636363636,1.07988980716253,4.28070175438596,1.10249307479224
"Centrorhynchus milvus",6,4,7,3,2,3,0,0,0,0,5.2,0.56,5.14285714285714,0.503401360544218
"Cephalochlamys namaquensis",3,5,6,2,2,3,2,2,0,0,4.33333333333333,5.55555555555555,4.85714285714286,3.26530612244898
"Chabertia ovina",3,19,19,1,1,9,111,98,0,0,2,0,2.53216374269006,0.365924557983653
"Cheilospirura spinosa",5,5,7,2,2,3,3,2,0,0,4.5,3.65,4.14285714285714,3.36054421768707
"Choanotaenia infundibulum",18,25,37,2,2,11,24,17,1,1,4.46323529411765,2.11629541522491,4.51269841269841,2.43396573444192
"Cittotaenia citelli",4,NA,4,2,2,1,0,0,0,0,4.83333333333333,2.80555555555556,4.83333333333333,2.80555555555556
"Cittotaenia denticulata",5,2,6,2,2,5,6,4,0,0,4.2,2.16,4.53333333333333,2.51555555555556
"Cladotaenia circi",8,17,22,2,2,3,0,0,0,0,4,1.35714285714286,4.04329004329004,1.39206536609134
"Cladotaenia globifera",32,45,57,2,2,17,4,4,0,2,3.90927419354839,1.48168818288241,4.02222222222222,1.47896745230079
"Clavinema fujimotoi",5,NA,5,2,2,2,0,0,0,0,3.6,3.84,3.6,3.84
"Clistobothrium carcharodoni",10,1,10,4,4,5,1,1,0,0,3.02777777777778,1.30478395061728,3.02777777777778,1.30478395061728
"Clistobothrium cf. montaukensis",4,NA,4,3,3,3,1,1,0,0,4.66666666666667,3.55555555555556,4.66666666666667,3.55555555555556
"Cloacotaenia megalops",14,72,74,2,2,11,9,9,0,5,2.81318681318681,3.80026566839754,2.74004024144869,2.31873883137861
"Comephoronema oschmarini",3,3,3,2,2,1,0,0,0,0,5,2,5,2
"Confluaria furcifera",9,7,10,2,2,3,0,0,0,0,3.88888888888889,4.65432098765432,3.77777777777778,4.48395061728395
"Confluaria podicipina",7,10,12,2,2,3,8,8,0,0,3.57142857142857,5.48299319727891,3.53030303030303,3.64302112029385
"Contracaecum microcephalum",7,44,51,3,3,4,5,5,0,0,4.73333333333333,2.06222222222222,4.00489795918367,1.88079233652645
"Contracaecum micropapillatum",23,14,34,3,3,2,1,1,0,0,4.7965367965368,2.52570229193606,4.94285714285714,1.90933973589436
"Contracaecum multipapillatum",19,34,40,4,3,9,17,16,0,0,4.30409356725146,1.49817037721008,4.25512820512821,1.23619165023011
"Contracaecum ogmorhini s.s.",9,NA,9,4,2,5,0,0,0,0,3.72222222222222,2.75617283950617,3.67857142857143,2.64668367346939
"Contracaecum osculatum [A-C]",41,NA,41,4,2,9,58,49,0,0,4.64444444444444,1.40981213097155,4.75,1.26067073170732
"Contracaecum osculatum [D, E]",18,NA,18,4,2,3,0,0,0,0,2.74736842105263,1.12565096952909,2.74264705882353,1.22053416955017
"Contracaecum osculatum baicalensis",4,NA,4,3,3,3,0,0,0,0,4.83333333333333,3.13888888888889,4.83333333333333,3.13888888888889
"Contracaecum pelagicum",6,1,7,3,3,5,6,6,0,0,4.1,1.29,3.86666666666667,1.44888888888889
"Contracaecum rudolphii",44,47,77,3,2,14,40,37,2,2,4.94773519163763,1.48275038748396,4.81052631578947,1.20339796860572
"Cooperia curticei",2,14,14,1,1,8,89,76,0,0,2,0,2.50833333333333,0.583263888888889
"Cooperia fuelleborni",5,8,11,1,1,2,5,4,0,0,2,0,1.96363636363636,0.0350413223140496
"Cooperia oncophora",1,14,14,1,1,8,347,268,0,0,1,NA,2.67619047619048,0.333242630385488
"Cooperia pectinata",3,19,20,1,1,5,48,44,0,0,2,0,2.5047619047619,0.278548752834467
"Cooperia punctata",3,19,21,1,1,8,132,99,0,0,2,0,2.50197628458498,0.297426924338765
"Corallobothrium fimbriatum",8,9,14,3,2,2,5,5,0,0,4.35714285714286,3.65816326530612,3.54945054945055,3.96184035744475
"Corallobothrium parafimbriatum",6,1,7,2,2,2,3,3,0,0,3.33333333333333,3.55555555555556,3.85714285714286,4.21768707482993
"Corallotaenia minutia",6,1,6,2,2,2,3,3,0,0,3.26666666666667,3.79555555555556,3.26666666666667,3.79555555555556
"Coronacanthus integer",6,NA,6,2,2,3,0,0,0,0,4.13333333333333,5.31555555555556,4.13333333333333,5.31555555555556
"Coronacanthus omissa",5,3,6,2,2,3,0,0,0,0,4.2,4.96,4,5.42857142857143
"Coronacanthus vassilevi",2,3,3,2,2,2,1,1,0,0,6,0,3.5,6.25
"Corynosoma australe",9,30,36,3,2,7,22,15,0,0,4.10714285714286,0.524234693877551,4.41176470588235,0.601878398418191
"Corynosoma bullosum",12,49,49,3,2,6,4,4,0,2,4.07575757575758,2.4639577594123,3.73979591836735,1.74862036651395
"Corynosoma cetaceum",10,7,12,3,2,8,15,14,0,0,4.13888888888889,1.17515432098765,4.18181818181818,1.05785123966942
"Corynosoma hamanni",6,43,44,3,2,6,4,4,0,1,4.46666666666667,2.91555555555556,4.13621262458472,2.23726007439211
"Corynosoma magdaleni",7,9,10,3,2,4,3,3,0,0,4.61904761904762,1.85487528344671,4.53333333333333,1.53777777777778
"Corynosoma pseudohamanni",8,38,39,3,2,8,0,0,0,2,4,3.28571428571429,3.91891891891892,1.83553112144862
"Corynosoma semerme",12,42,45,3,2,8,8,7,0,0,4.53030303030303,1.27938475665748,4.43030303030303,0.786556473829201
"Corynosoma strumosum",13,114,115,3,2,9,16,15,0,0,4.32051282051282,1.85880999342538,4.42058823529412,0.572265200197726
"Cosmocephalus obvelatus",16,83,87,3,2,5,10,9,0,1,4.85,1.79416666666667,4.45582226762002,1.01515762316095
"Crenosoma mephitidis",16,2,16,3,2,3,2,2,1,1,4.84761904761905,2.01487528344671,4.84761904761905,2.01487528344671
"Crenosoma petrowi",10,9,13,3,2,2,1,1,0,0,3.55555555555556,3.1358024691358,3.09090909090909,3.14325068870523
"Crenosoma striatum",20,5,24,2,2,2,19,9,1,2,3.57309941520468,1.28559214801135,4.08658008658009,2.18298007908398
"Crenosoma vulpis",20,8,23,2,2,3,74,46,1,1,4.2578947368421,3.00191135734072,4.43290043290043,2.71303011562752
"Ctenotaenia marmotae",3,3,5,2,2,4,4,4,0,0,4.33333333333333,5.55555555555555,4.2,4.96
"Cucullanus chabaudi",1,NA,1,1,1,1,0,0,0,0,1,NA,1,NA
"Cucullanus cirratus",17,23,27,3,2,4,0,0,0,2,4.13333333333333,2.63222222222222,4.01136363636364,2.12865874655647
"Cucullanus heterochrous",12,23,23,2,2,4,2,2,0,0,4.46969696969697,3.03696051423324,3.95172413793103,2.26663495838288
"Cyathocephalus truncatus",15,97,97,2,1,11,34,27,0,2,4.20833333333333,4.06493055555556,3.97615979381443,2.59973233185425
"Cyathostoma bronchialis",12,5,15,2,1,3,4,2,0,0,3.42307692307692,4.24408284023669,3.825,4.21104166666667
"Cyathostoma lari",15,5,18,2,1,5,4,3,1,1,4.36263736263736,2.03332930805458,4.36029411764706,1.61283520761246
"Cyathostomum catinatum",5,5,7,1,1,5,56,31,0,0,1,0,1,0
"Cyclodontostomum purvisi",8,15,17,1,1,3,9,6,0,0,2,0,2.1437908496732,0.711350335341108
"Cyclustera capito",9,4,10,3,3,7,2,2,0,0,3.42857142857143,1.38775510204082,3.41666666666667,1.1875
"Cyclustera ibisae",11,13,15,3,3,6,0,0,0,1,3.53333333333333,1.44888888888889,3.80769230769231,1.00147928994083
"Cyclustera ralli",3,5,8,3,3,2,0,0,0,0,5,0,3.76190476190476,1.13378684807256
"Cylicocyclus nassatus",5,6,7,1,1,5,63,36,0,0,1,0,1,0
"Cylicostephanus longibursatus",5,4,6,1,1,4,50,28,0,0,1,0,1,0
"Cyrnea colini",6,4,8,2,2,3,4,2,0,0,4.4,3.30666666666667,3.85714285714286,3.83673469387755
"Cyrnea eurycerca",2,11,13,2,2,1,0,0,0,1,6,0,2.5,2.58333333333333
"Cyrnea mansioni",4,NA,4,3,2,2,0,0,0,0,5,2,5,2
"Cystidicola cristivomeri",4,1,4,2,2,7,0,0,0,0,2.9,6.49,3.5,6.25
"Cystidicola farionis",19,50,53,2,2,7,13,12,0,0,3.4,3.91368421052632,3.63207547169811,2.77246898704713
"Cystidicoloides tenuissima",12,22,30,3,2,6,0,0,1,1,4.43939393939394,3.0342056932966,4.2494623655914,2.39798358191698
"Cystocaulus ocreatus",28,29,45,2,2,5,28,20,1,1,3.19088319088319,1.57325021712486,3.18393234672304,1.98731054087758
"Cystoopsis acipenseri",5,NA,5,2,2,3,0,0,0,0,4.2,4.96,4.2,4.96
"Cystoopsis atractostei",2,1,2,2,2,1,1,1,0,0,1,NA,1,NA
"Davainea proglottina",13,8,18,2,2,7,18,16,1,2,3.22727272727273,1.99380165289256,4.45263157894737,2.8793351800554
"Davainea tetraoensis",5,1,6,2,2,2,0,0,0,0,4.7,2.61,4.6,3.04
"Dentitruncus truttae",4,1,4,2,2,3,12,10,0,0,4.2,5.16,4.66666666666667,3.55555555555556
"Desportesius brevicaudatus",11,10,13,4,2,2,0,0,0,0,4.53333333333333,1.58222222222222,4.40909090909091,1.7568870523416
"Desportesius invaginatus",8,13,19,3,2,2,0,0,1,1,4.76190476190476,1.89569160997732,3.81699346405229,2.2802340979965
"Dicheilonema rheae",14,23,24,3,2,2,0,0,0,0,2.83333333333333,2.06196581196581,3.82213438735178,3.15018200565545
"Dichelyne bullocki",1,NA,1,1,1,2,0,0,0,0,1,NA,1,NA
"Dichelyne cotylophora",3,2,4,2,2,2,2,2,0,0,3.33333333333333,0.888888888888889,3.66666666666667,0.555555555555556
"Dichelyne minutus",4,12,12,2,2,4,1,0,0,0,4.66666666666667,2.22222222222222,3.59090909090909,2.09022038567493
"Dichoanotaenia gallinagilis",2,2,4,2,2,1,0,0,0,0,6,0,3.83333333333333,4.80555555555556
"Dicranotaenia coronula",26,61,66,3,2,13,3,3,0,2,4.76,3.16701538461538,4.63095238095238,3.22689909297052
"Dictyocaulus arnfieldi",2,3,4,1,1,3,31,8,0,0,1,0,1,0
"Dictyocaulus eckerti",4,11,11,1,1,2,21,12,0,0,2.5,0.25,2.21212121212121,0.348943985307622
"Dictyocaulus filaria",2,16,16,1,1,5,132,71,0,0,2,0,2.98333333333333,0.749722222222222
"Dictyocaulus viviparus",2,25,25,1,1,4,482,237,0,0,3,0,2.46461538461538,0.304132544378698
"Didelphostrongylus hayesi",4,1,4,2,2,3,8,6,0,0,4.5,4.58333333333333,4.5,4.58333333333333
"Dilepis undula",18,50,53,2,2,13,4,3,0,1,3.92156862745098,2.5036524413687,4.1277213352685,1.62374531566962
"Dinobothrium sp.",3,6,8,3,3,1,0,0,0,0,6,0,4.76190476190476,2.75283446712018
"Dioctophyma renale",30,NA,30,3,2,15,62,28,0,0,4.47956989247312,1.17861486877096,4.49195402298851,1.14188928524244
"Dioecotaenia cancellata",4,1,4,2,2,3,0,0,0,0,5.33333333333333,0.555555555555556,5.33333333333333,0.555555555555556
"Diorchis asiatica",8,4,10,2,2,2,0,0,0,0,4.14285714285714,4.90816326530612,4.02222222222222,4.6883950617284
"Diorchis brevis",2,10,10,2,2,2,0,0,0,0,6,0,4.53333333333333,3.13777777777778
"Diorchis bulbodes",5,8,8,2,2,6,0,0,0,0,3.3,5.01,2.64285714285714,3.94387755102041
"Diorchis danutae",9,9,13,2,2,1,0,0,0,1,4.22222222222222,4.11728395061728,4.72727272727273,2.89531680440771
"Diorchis inflata",13,59,63,3,2,7,0,0,0,3,5.23076923076923,2.12623274161736,4.82020095187731,2.70907896543537
"Diorchis nyrocae",18,18,26,3,2,10,0,0,0,0,4.83660130718954,3.15630740313555,4.66153846153846,3.51621301775148
"Diorchis parvogenitalis",6,22,22,2,2,2,0,0,0,2,3.06666666666667,4.46222222222222,3.45789473684211,4.35349030470914
"Diorchis ransomi",15,45,49,3,2,7,0,0,0,1,5.12380952380952,2.14657596371882,4.9234693877551,2.14550360960711
"Diphyllobothrium dendriticum",29,86,91,4,3,11,85,52,0,0,4.31578947368421,3.18903945496743,4.63665053650326,1.65106153514436
"Diphyllobothrium ditremum",18,48,49,4,3,7,14,9,0,1,3.4640522875817,2.2879234482464,4.06168359941945,1.7501864252898
"Diphyllobothrium latum",27,70,80,4,3,20,270,95,0,0,4.73103448275862,2.4586920332937,4.88410786001147,1.50005151332319
"Diphyllobothrium nihonkaiense",7,7,11,4,3,7,51,20,0,0,3.89285714285714,4.09566326530612,4.12121212121212,2.43985307621671
"Diplocotyle olrikii",30,58,66,2,1,5,3,3,1,3,4.58620689655172,2.34601664684899,4.26932923707117,1.87830661612932
"Diplogonoporus balaenopterae",10,11,13,3,3,8,10,9,0,0,4.86666666666667,1.40444444444444,4.46153846153846,2.19723865877712
"Diploposthe laevis",15,43,48,3,2,8,1,1,0,2,4.97142857142857,3.17061224489796,4.8395390070922,2.84570617046426
"Diploposthe skrjabini",7,10,10,2,2,1,0,0,0,1,4.28571428571429,2.87074829931973,4.63888888888889,3.1195987654321
"Diplopylidium acanthotetra",25,15,33,3,3,6,0,0,0,0,3.59420289855072,1.25561856752783,3.71572580645161,1.32443011836629
"Diplopylidium nölleri",17,NA,17,3,3,5,7,3,0,0,3.46666666666667,1.39888888888889,3.46666666666667,1.39888888888889
"Diplotriaena agelaius",2,8,9,2,2,2,0,0,0,0,6,0,3.27777777777778,2.36728395061728
"Diplotriaena bargusinica",4,8,11,2,2,1,2,2,0,1,3.83333333333333,4.80555555555556,4.15555555555556,3.19802469135802
"Diplotriaena sokolowi",2,NA,2,2,2,1,0,0,0,0,6,0,6,0
"Diplotriaena tricuspis",3,22,24,2,2,2,2,2,0,2,4.66666666666667,3.55555555555556,3.32034632034632,1.9233522610146
"Diplotriaena tridens",2,2,3,2,2,1,0,0,0,0,6,0,5,2
"Dipylidium caninum",7,22,23,2,2,8,368,214,2,2,4.33333333333333,3.82222222222222,3.97835497835498,2.77442326792976
"Dispharynx nasuta",8,79,83,2,2,4,28,20,0,2,4.75,2.25892857142857,4.09903026741111,1.09950831615705
"Dollfusentis chandleri",12,32,34,2,2,4,1,1,0,1,4.75757575757576,1.51698806244261,4.17424242424242,1.14009412304867
"Dracunculus doi",4,NA,4,3,2,2,0,0,0,0,5,2,5,2
"Dracunculus globocephalus",3,NA,3,3,2,2,1,1,0,0,6,0,6,0
"Dracunculus insignis",11,18,24,3,2,8,25,22,0,0,4.67272727272727,1.8201652892562,4.67028985507246,2.17752310438983
"Dracunculus medinensis",9,25,29,2,2,5,276,226,0,0,4.47222222222222,3.30478395061728,3.79233870967742,4.30566711108221
"Dracunculus oesophagea",3,NA,3,3,2,2,0,0,0,0,6,0,6,0
"Dracunculus ophidensis",4,1,5,3,2,1,0,0,0,0,4.66666666666667,3.55555555555556,3.83333333333333,4.80555555555556
"Drepanidotaenia bisacculina",2,NA,2,2,2,1,0,0,0,0,6,0,6,0
"Drepanidotaenia lanceolata",15,54,55,2,2,7,7,5,0,1,3.6,4.22095238095238,4.49475890985325,3.05500397751495
"Duplicibothrium minutum",5,2,6,2,2,4,0,0,0,0,4.8,1.56,4.86666666666667,2.38222222222222
"Echinobothrium affine",6,NA,6,2,2,3,0,0,0,0,4,4.8,4,4.8
"Echinobothrium benedeni",2,NA,2,2,2,1,0,0,0,0,6,0,6,0
"Echinobothrium chisholmae",2,2,2,2,2,1,2,2,0,0,6,0,6,0
"Echinobothrium lateroporum",4,NA,4,2,2,1,0,0,0,0,5.5,1.25,5.5,1.25
"Echinobothrium reesae",3,NA,3,2,2,2,0,0,0,0,4.66666666666667,3.55555555555556,4.66666666666667,3.55555555555556
"Echinobothrium typus",7,1,7,2,2,4,0,0,0,0,4.52380952380952,2.53514739229025,4.52380952380952,2.53514739229025
"Echinocephalus overstreeti",8,6,10,2,2,4,3,3,0,0,4.67857142857143,1.50382653061224,4.37777777777778,1.79061728395062
"Echinocephalus pseudouncinatus",5,5,7,2,2,3,0,0,0,0,5.3,2.41,5.23809523809524,2.18140589569161
"Echinocephalus sinensis",3,7,10,2,2,2,6,6,0,1,4.33333333333333,5.55555555555555,4.77777777777778,1.89506172839506
"Echinocephalus uncinatus",4,9,13,2,2,3,0,0,0,0,5.33333333333333,1.22222222222222,4.74358974358974,1.34451019066404
"Echinococcus borealis",3,NA,3,2,2,4,0,0,0,0,3,2.33333333333333,3.33333333333333,0.888888888888889
"Echinococcus canadensis",6,NA,6,2,2,3,71,12,0,0,2.92857142857143,1.56632653061224,3.06666666666667,0.995555555555556
"Echinococcus equinus",2,2,3,2,2,7,25,6,0,0,4,0,3,2
"Echinococcus felidis",3,NA,3,2,2,4,10,1,0,0,3.66666666666667,0.222222222222222,3.66666666666667,0.222222222222222
"Echinococcus granulosus",10,124,125,2,2,14,4018,481,0,3,3.6,0.712727272727273,3.62821350762527,0.627678943521248
"Echinococcus intermedius",6,NA,6,2,2,5,8,0,0,0,3.53333333333333,0.382222222222222,3.53333333333333,0.382222222222222
"Echinococcus multilocularis",14,96,97,2,2,5,1900,341,0,8,3.15238095238095,1.21487528344671,3.39208410636982,0.637859416550114
"Echinococcus oligarthrus",13,21,22,2,2,6,32,10,0,0,3.41025641025641,0.882971729125575,3.3731884057971,0.915078239865574
"Echinococcus ortleppi",6,4,6,2,2,5,41,8,0,0,3.53333333333333,0.782222222222222,3.53333333333333,0.782222222222222
"Echinococcus shiquicus",3,NA,3,2,2,2,20,6,0,0,3.33333333333333,0.888888888888889,3.33333333333333,0.888888888888889
"Echinococcus vogeli",5,16,16,2,2,4,58,11,0,0,3.7,0.41,3.45751633986928,0.47041736084412
"Echinocotyle clanguli",2,1,2,2,2,1,0,0,0,0,4.33333333333333,5.55555555555555,4.33333333333333,5.55555555555555
"Echinocotyle clerci",3,12,14,2,2,2,0,0,0,1,4.33333333333333,5.55555555555555,4.33333333333333,4.01709401709402
"Echinocotyle druzniensis",7,1,7,2,2,3,0,0,0,0,3.9047619047619,3.99092970521542,3.9047619047619,3.99092970521542
"Echinocotyle rosseteri",14,36,40,3,2,9,0,0,1,3,4.41025641025641,4.57527942143327,4.9009009009009,3.05324243162081
"Echinorhynchus borealis",9,26,32,2,2,4,5,4,0,1,4.91666666666667,1.24305555555556,4.65591397849462,1.98483061625621
"Echinorhynchus bothniensis",8,16,19,2,2,4,2,2,0,0,4.07142857142857,1.85204081632653,4.14736842105263,1.51512465373961
"Echinorhynchus gadi",13,134,138,2,2,11,30,28,0,0,4.59340659340659,2.68083564786861,4.14196551359357,1.02840180691394
"Echinorhynchus lageniformis",4,2,4,2,2,3,0,0,0,0,4,4,4,4
"Echinorhynchus leidyi",2,13,14,2,2,3,1,1,0,0,6,0,3.52747252747253,2.18331119430021
"Echinorhynchus salmonis",21,81,85,2,2,15,13,11,0,0,3.85770750988142,2.88884375634676,4.0328317373461,1.42163069535389
"Echinorhynchus sp.",2,60,62,2,2,1,3,2,0,3,6,0,4.07013442431327,0.905659771526831
"Echinorhynchus truttae",5,22,23,2,2,7,21,19,0,0,4.4,3.84,4.18840579710145,1.95001050199538
"Echinuria uncinata",19,42,57,2,2,8,8,7,0,1,4.64912280701754,2.69559864573715,3.95844155844156,2.98528588294822
"Elaphostrongylus alces",4,4,5,2,2,5,8,5,0,0,4.83333333333333,2.80555555555556,4.9,2.09
"Elaphostrongylus cervi",21,20,35,2,2,11,57,44,1,1,3.67894736842105,2.17587257617729,4.50980392156863,2.42459194016287
"Elaphostrongylus rangiferi",6,8,10,2,2,9,27,24,1,1,4.7,2.61,4.50909090909091,2.83173553719008
"Enterobius vermicularis",1,8,8,1,1,3,1598,212,0,0,1,NA,3.5,2.32142857142857
"Epomidiostomum uncinatum",6,46,47,1,1,4,3,2,0,3,2,2,2.276955602537,0.927523924033094
"Equinia mamillana",8,NA,8,2,2,5,0,0,0,0,3.42857142857143,2.60204081632653,3.42857142857143,2.60204081632653
"Eubothrium crassum",13,42,45,3,2,11,21,18,0,1,3.94871794871795,3.35634451019066,3.57474747474747,2.09289766350372
"Eubothrium rugosum",6,5,8,3,2,4,12,12,0,0,4.13333333333333,4.38222222222222,4.60714285714286,3.16709183673469
"Eubothrium salvelini",18,35,40,3,2,12,11,11,0,0,4.16339869281046,3.96676491947542,3.54487179487179,3.33516600920447
"Eucoleus aerophilus",9,13,18,2,1,7,63,43,0,0,4.31111111111111,3.54765432098765,3.9281045751634,2.89025588448887
"Eucoleus annulatus",7,17,20,2,2,7,4,4,0,0,4.28571428571429,3.91836734693878,3.57894736842105,2.64376731301939
"Eucoleus contortus",14,118,125,2,1,5,14,13,0,2,3.68131868131868,1.71162903031035,3.63761162201786,0.67435239241191
"Eucoleus frugilegi",4,NA,4,2,2,2,0,0,0,0,4.5,4.58333333333333,4.5,4.58333333333333
"Eurycestus avoceti",5,4,7,2,2,4,6,6,0,0,4.2,4.96,4.21428571428571,4.45408163265306
"Eustrongylides excisus",19,38,42,3,3,2,7,6,0,0,4.59649122807018,1.46875961834411,4.45644599303136,1.15402639342471
"Eustrongylides ignotus",17,62,65,4,2,6,15,14,0,1,4.28676470588235,1.32217776816609,4.57995337995338,0.985798599225173
"Eustrongylides tubifex",15,33,35,4,3,7,5,5,0,0,4.36842105263158,2.0104647583872,4.51111111111111,0.951463844797178
"Fessisentis fessus",4,3,5,2,2,2,0,0,0,0,5.16666666666667,2.13888888888889,5.1,1.89
"Fessisentis friedi",3,5,8,2,2,3,0,0,0,0,5.33333333333333,0.888888888888889,4.82142857142857,1.07525510204082
"Fessisentis necturorum",5,5,6,2,2,3,0,0,0,0,4.2,2.16,3.93333333333333,2.19555555555556
"Filaroides hirthi",1,1,1,1,1,2,25,10,0,0,1,NA,1,NA
"Filaroides martis",15,13,26,3,2,4,4,4,0,1,4.82857142857143,1.78013605442177,4.45,2.49416666666667
"Filicollis anatis",6,29,30,2,2,5,5,5,0,0,3.86666666666667,2.91555555555556,3.59784946236559,2.24042548271476
"Fimbriaria fasciolaris",35,129,133,3,2,19,6,6,0,7,4.65210084033613,3.63190735117576,4.58418120155039,3.05904724623577
"Fimbriarioides intermedia",8,7,13,2,2,2,0,0,0,0,4.57142857142857,2.88775510204082,4.66666666666667,3.14529914529915
"Fimbriarioides tadornae",4,2,4,2,2,1,0,0,0,0,3.5,6.25,3.5,6.25
"Flamingolepis dolguschini",4,5,6,2,2,2,0,0,0,0,4.83333333333333,2.80555555555556,4.8,1.89333333333333
"Flamingolepis flamingo",3,3,4,2,2,2,0,0,0,0,4.33333333333333,5.55555555555555,4,6
"Flamingolepis liguloides",3,5,6,2,2,2,11,11,0,0,4.33333333333333,5.55555555555555,3.96428571428571,5.17729591836735
"Flamingolepis tengizi",4,4,5,2,2,2,0,0,0,0,4.83333333333333,2.80555555555556,5.1,1.89
"Gallegostrongylus australis",11,11,11,2,2,2,0,0,0,0,4.29090909090909,3.80628099173554,4.29090909090909,3.80628099173554
"Gangesia parasiluri",4,7,7,3,2,2,0,0,0,0,4.66666666666667,2.22222222222222,4.04761904761905,2.61678004535147
"Gastrotaenia paracygni",2,3,3,2,2,1,0,0,0,0,6,0,4.66666666666667,3.55555555555556
"Geopetitia aspiculata",20,22,29,2,2,3,1,1,1,3,3.92982456140351,1.95998768851954,3.84,2.00516923076923
"Glaridacris catostomi",9,16,17,2,2,6,4,4,0,0,3.52777777777778,3.9158950617284,4.26143790849673,3.74864368405314
"Glaridacris confusa",10,1,11,2,2,3,0,0,0,0,4.06666666666667,4.32888888888889,4.27272727272727,3.90743801652893
"Glaridacris vogei",6,1,6,2,2,2,0,0,0,0,4.13333333333333,5.31555555555556,4.13333333333333,5.31555555555556
"Glossocercus auritus",12,NA,12,3,3,5,4,4,0,0,3.67272727272727,2.6201652892562,3.67272727272727,2.6201652892562
"Glossocercus caribaensis",14,10,15,3,3,6,2,2,0,0,3.6025641025641,2.47024983563445,3.54945054945055,2.42337881898321
"Glossocercus cyprinodontis",7,NA,7,3,3,3,2,2,0,0,3.2,1.89333333333333,3.2,1.89333333333333
"Gnathostoma binucleatum",29,26,35,4,3,8,22,6,1,1,4.83862433862434,1.87078329274096,4.8453781512605,1.55592401666549
"Gnathostoma doloresi",20,20,27,4,3,10,24,10,0,0,4.78421052631579,2.19027700831025,4.89173789173789,1.76035908799442
"Gnathostoma hispidum",32,52,57,4,2,7,20,10,0,0,4.92741935483871,1.71247398543184,4.93358395989975,1.15849617778783
"Gnathostoma lamothei",13,NA,13,4,3,3,3,2,0,0,4.84615384615385,0.899408284023669,4.84615384615385,0.899408284023669
"Gnathostoma nipponicum",21,23,29,4,3,13,18,6,0,0,4.9802371541502,1.5213485603587,4.95402298850575,1.23466772360946
"Gnathostoma procyonis",15,6,18,4,3,4,8,6,0,0,4.72380952380952,1.57133786848073,4.84313725490196,1.20415224913495
"Gnathostoma spinigerum",63,72,106,4,3,17,205,91,0,2,4.80245829675154,0.72392723157954,4.76860346585117,0.698409432634947
"Gnathostoma turgidum",12,4,14,3,3,5,10,7,0,0,4.87878787878788,1.62167125803489,4.81318681318681,1.60246347059534
"Gnathostoma vietnamicum",3,1,4,3,3,2,0,0,0,0,6,0,5.66666666666667,0.222222222222222
"Goezia ascaroides",9,13,14,3,2,1,0,0,0,1,4.05555555555556,1.66358024691358,4.02564102564103,1.17882971729126
"Golvanacanthus blennii",8,8,9,2,2,2,0,0,0,1,4.07142857142857,1.85204081632653,4.07142857142857,1.85204081632653
"Gongylonema brevispiculum",3,6,9,2,2,2,0,0,0,0,5.33333333333333,0.888888888888889,3.16666666666667,3.08333333333333
"Gongylonema congolense",5,1,6,2,2,2,4,4,0,0,4.4,2.04,4.26666666666667,1.92888888888889
"Gongylonema dupuisi",2,NA,2,2,2,1,0,0,0,0,6,0,6,0
"Gongylonema ingluvicola",7,4,9,2,2,4,12,8,0,0,4.66666666666667,2.6984126984127,4.72222222222222,2.36728395061728
"Gongylonema mucronatum",2,3,5,2,2,2,0,0,0,1,6,0,3.83333333333333,4.80555555555556
"Gongylonema neoplasticum",9,17,22,2,2,6,12,8,0,0,4.86111111111111,1.95293209876543,3.72666666666667,3.04528888888889
"Gongylonema problematicum",4,12,16,2,2,4,0,0,0,3,4.83333333333333,3.47222222222222,4.13333333333333,4.15365079365079
"Gongylonema pulchrum",36,102,123,2,2,11,62,40,1,11,4.10588235294118,3.07618388531883,4.176011994003,3.16362247661776
"Gongylonema soricis",3,2,5,2,2,1,0,0,0,0,4.33333333333333,5.55555555555555,3.3,5.01
"Graphidium strigosum",3,7,7,1,1,4,31,23,0,0,1.66666666666667,0.222222222222222,2.71428571428571,1.72789115646258
"Grillotia erinaceus",29,122,128,3,3,6,11,11,0,3,4.58620689655172,1.41005605571598,4.32546031746032,0.747535899218947
"Gynandrotaenia stammeri",4,2,5,2,2,4,0,0,0,0,4.5,4.58333333333333,4.13333333333333,5.31555555555556
"Gyrinicola batrachiensis",8,4,9,1,1,4,8,8,0,0,2.21428571428571,0.954081632653061,2.36111111111111,0.841820987654321
"Hadjelia truncata",8,6,11,2,2,6,10,9,0,0,4.67857142857143,2.8609693877551,4.72727272727273,1.9862258953168
"Haemonchus contortus",5,63,63,1,1,16,2799,1627,0,1,2.4,0.24,2.78894230769231,0.678050804363905
"Haemonchus placei",2,13,13,1,1,6,200,151,0,0,2,0,2.5,0.301282051282051
"Hammerschmidtiella diesingi",1,NA,1,1,1,4,13,13,0,0,1,NA,1,NA
"Haplobothrium globuliforme",6,2,6,3,3,5,3,2,0,0,4.66666666666667,0.888888888888889,4.66666666666667,0.888888888888889
"Hartertia gallinarum",2,2,4,2,2,1,0,0,0,0,6,0,3.83333333333333,4.80555555555556
"Hartertia obesa",2,5,5,2,2,3,0,0,0,0,6,0,3.5,4.25
"Hassalstrongylus musculi",1,4,5,1,1,2,0,0,0,0,1,NA,1.8,0.96
"Hedruris androphora",7,7,11,2,2,2,0,0,0,2,4.09523809523809,1.89569160997732,4.52777777777778,1.41589506172839
"Hedruris ijimai",6,NA,6,2,2,2,0,0,0,0,3.2,4.02666666666667,3.2,4.02666666666667
"Hedruris spinigera",7,9,13,2,2,2,3,3,0,0,4.57142857142857,0.816326530612245,3.98717948717949,1.52547666009204
"Hedruris suttonae",3,NA,3,2,2,1,0,0,0,0,4.33333333333333,5.55555555555555,4.33333333333333,5.55555555555555
"Heligmosomoides kurilensis",2,3,4,1,1,1,1,1,0,0,2,0,1.4,0.24
"Heligmosomoides laevis",1,17,17,1,1,3,0,0,0,3,1,NA,1.96190476190476,0.5318820861678
"Heligmosomoides polygyrus",4,32,32,1,1,6,799,541,0,2,2.33333333333333,0.555555555555556,2.49621212121212,0.704531106519743
"Heligmosomum mixtum",3,12,12,1,1,4,15,13,0,0,1.66666666666667,0.222222222222222,2.22727272727273,0.599862258953168
"Hepatojarakus malayae",2,1,3,1,1,2,8,8,0,0,1,0,1,0
"Heterakis gallinarum",8,42,46,2,1,10,158,109,0,1,4.53571428571429,2.82015306122449,3.35265700483092,2.00220308525286
"Heterakis spumosa",5,27,29,2,1,5,40,37,0,0,4.4,4.04,2.98790322580645,1.8466278616025
"Hexaglandula corynosoma",3,NA,3,2,2,2,3,3,0,0,4.66666666666667,3.55555555555556,4.66666666666667,3.55555555555556
"Hexametra angusticaecoides",18,NA,18,3,1,3,0,0,0,0,3.76470588235294,2.92502883506344,3.76470588235294,2.92502883506344
"Hexametra boddaertii",14,7,16,2,2,8,3,3,0,0,3.13186813186813,0.7738195870064,3.08333333333333,0.743055555555556
"Hexametra quadricornis",39,21,52,2,2,3,0,0,0,0,3.52901484480432,1.42594626293753,3.3657616892911,1.28929530972384
"Hilmylepis nagatyi",7,NA,7,2,2,4,0,0,0,0,2.42857142857143,5.10204081632653,2.42857142857143,5.10204081632653
"Huffmanela huffmani",10,9,12,2,2,3,4,4,0,0,3.11111111111111,4.80987654320988,2.67948717948718,4.52547666009205
"Hunterella nodulosa",4,4,5,2,2,4,6,6,0,0,4.33333333333333,5.55555555555555,4,6
"Hymenolepis abortiva",5,9,12,2,2,9,0,0,0,2,3.5,4.25,3.33333333333333,2.8
"Hymenolepis aequabilis",4,NA,4,2,2,2,0,0,0,0,3.83333333333333,4.80555555555556,3.83333333333333,4.80555555555556
"Hymenolepis cantaniana",5,12,15,2,2,3,2,1,0,0,4.4,4.04,3.98333333333333,3.06638888888889
"Hymenolepis carioca",4,8,11,2,2,6,10,4,0,0,5.33333333333333,0.888888888888889,4.03030303030303,3.2415059687787
"Hymenolepis citelli",19,17,26,2,2,14,28,19,1,2,3.8562091503268,3.53487974710581,3.68840579710145,3.00435832808234
"Hymenolepis diminuta",12,98,101,2,2,21,1081,577,1,6,4.45454545454545,3.30247933884297,3.66563595135024,2.47117326594312
"Hymenolepis nana",15,29,34,2,1,16,1002,267,1,1,4.40659340659341,2.87863784567081,4.03753753753754,2.2853777200624
"Hymenolepis peromysci",6,2,6,2,2,2,0,0,0,0,4.26666666666667,4.59555555555556,4.26666666666667,4.59555555555556
"Hymenolepis tenerrima",2,3,5,2,2,2,0,0,0,2,6,0,4.66666666666667,3.55555555555556
"Hymenolepis vistulae",2,1,2,2,2,1,0,0,0,0,6,0,6,0
"Hyostrongylus rubidus",2,6,6,1,1,8,86,28,0,0,4,0,3.13333333333333,0.515555555555556
"Hysterothylacium aduncum",63,274,292,3,2,15,86,72,1,4,5.25048076923077,1.21658630732249,4.62562986715529,1.23243060418354
"Hysterothylacium analarum",3,2,3,2,1,2,0,0,0,0,3.66666666666667,5.88888888888889,4.66666666666667,3.55555555555556
"Hysterothylacium bidentatum",2,6,7,2,2,2,0,0,0,0,6,0,2.66666666666667,4.6031746031746
"Hysterothylacium haze",6,7,7,2,1,2,3,3,1,1,5.2,1.76,4.93333333333333,1.92888888888889
"Hystrichis tricolor",7,12,16,2,2,3,1,1,0,1,4.23809523809524,4.3718820861678,4.05714285714286,2.68244897959184
"Ibirhynchus dimorpha",4,NA,4,2,2,3,0,0,0,0,5,2.33333333333333,5,2.33333333333333
"Joyeuxiella echinorhynchoides",13,25,36,3,3,3,2,2,0,0,3.71212121212121,1.26561065197429,3.40168067226891,0.969745074500388
"Joyeuxiella pasqualei",21,10,25,3,3,6,11,4,0,0,3.94285714285714,1.39673469387755,3.9963768115942,1.35143614786809
"Joyeuxilepis acanthorhyncha",6,3,6,2,2,5,0,0,0,0,4.33333333333333,4.22222222222222,4.33333333333333,4.22222222222222
"Joyeuxilepis decacantha",20,2,20,2,2,6,0,0,0,0,3.96842105263158,3.5990027700831,3.96842105263158,3.5990027700831
"Joyeuxilepis octacantha",3,1,3,2,2,1,0,0,0,0,4.66666666666667,3.55555555555556,4.66666666666667,3.55555555555556
"Khawia armeniaca",5,6,8,2,2,1,5,5,0,0,3.5,4.25,3.75,2.54464285714286
"Khawia baltica",2,3,3,2,2,2,2,2,0,0,6,0,4.66666666666667,3.55555555555556
"Khawia japonensis",3,4,5,2,2,4,6,6,0,0,4.66666666666667,3.55555555555556,4.8,2.56
"Khawia parva",4,3,4,2,2,2,0,0,0,0,3.5,6.25,3.66666666666667,6.22222222222222
"Khawia sinensis",6,14,15,2,2,8,23,22,0,0,4.33333333333333,4.22222222222222,4.19047619047619,3.75419501133787
"Labiostrongylus eugenii",1,3,3,1,1,2,4,4,0,0,1,NA,2.66666666666667,0.222222222222222
"Lacistorhynchus dollfusi",12,9,14,3,3,7,2,2,0,0,4.54545454545455,1.30853994490358,4.48351648351648,1.23873928269533
"Lacistorhynchus tenuis",6,55,56,3,3,5,6,6,0,2,5.4,1.70666666666667,4.47099930118798,0.885077897274145
"Lagochilascaris major",4,5,5,2,2,3,8,7,0,0,3.33333333333333,0.555555555555556,3.3,1.01
"Lagochilascaris minor",11,7,11,2,2,6,45,30,0,0,3.52727272727273,0.467438016528926,3.52727272727273,0.467438016528926
"Lagochilascaris sprenti",8,2,9,2,2,2,3,3,0,0,3.57142857142857,0.673469387755102,3.61111111111111,0.570987654320988
"Lateriporus clerci",11,13,18,2,2,4,0,0,0,0,3.83636363636364,1.91867768595041,3.31372549019608,1.95386389850058
"Lateriporus mathevossianae",3,2,4,2,2,2,0,0,0,0,4.33333333333333,4.55555555555556,4.66666666666667,2.22222222222222
"Lateriporus skrjabini",9,20,23,2,2,3,0,0,0,1,3,3.61111111111111,3.12987012987013,2.0697138359476
"Lateriporus teres",9,5,12,2,2,5,0,0,0,0,4.13888888888889,3.06404320987654,4.01515151515152,2.62098255280073
"Leidynema appendiculata",2,9,10,1,1,4,7,7,0,1,1,0,2.38888888888889,0.570987654320988
"Leptorhynchoides acanthidion",8,NA,8,2,2,1,0,0,0,0,1.28571428571429,0.204081632653061,1.28571428571429,0.204081632653061
"Leptorhynchoides apoglyphicus",8,NA,8,3,2,1,0,0,0,0,2.15384615384615,3.0276134122288,2.67857142857143,3.8609693877551
"Leptorhynchoides atlanteus",5,NA,5,2,2,1,0,0,0,0,1.5,0.25,1.5,0.25
"Leptorhynchoides macrorchis",5,NA,5,2,2,1,0,0,0,0,1.5,0.25,1.5,0.25
"Leptorhynchoides nebularosis",7,NA,7,2,2,1,0,0,0,0,2.58333333333333,3.63194444444444,2.95238095238095,3.85487528344671
"Leptorhynchoides seminolus",5,NA,5,2,2,1,0,0,0,0,1,0,1,0
"Leptorhynchoides thecatus",7,66,66,3,2,3,24,23,0,0,2.58333333333333,3.63194444444444,3.97202797202797,0.700383066816633
"Libyostrongylus douglassii",1,1,1,1,1,3,20,17,0,0,1,NA,1,NA
"Liga facile",2,NA,2,2,2,2,0,0,0,0,6,0,6,0
"Ligula intestinalis",51,156,177,3,3,28,98,85,0,5,4.41411764705882,2.8653693194925,4.28511379331052,1.75165313813497
"Lineolepis scutigera",11,6,14,2,2,10,1,1,0,0,4.41818181818182,4.24330578512397,4.35164835164835,4.42579398623355
"Lueheia inscripta",9,NA,9,3,2,3,0,0,0,0,4.66666666666667,1.33333333333333,4.66666666666667,1.33333333333333
"Macracanthorhynchus catulinus",21,40,51,3,2,10,3,2,0,5,4.56709956709957,1.55285695545436,4.64939870490287,1.96496032299555
"Macracanthorhynchus hirudinaceous",4,NA,4,2,2,4,0,0,0,0,4.33333333333333,2.88888888888889,4.33333333333333,2.88888888888889
"Macracanthorhynchus ingens",16,22,26,3,2,7,18,14,0,0,4.96666666666667,1.71555555555556,4.78461538461538,1.49822485207101
"Mastophorus muris",23,61,74,2,2,8,30,28,0,3,4.69169960474308,1.8575200362449,4.34774774774775,2.22465708952195
"Mathevolepis skrjabini",3,9,12,2,2,2,0,0,0,0,4.33333333333333,5.55555555555555,2.51515151515152,5.28007346189164
"Mathevotaenia deserti",9,NA,9,2,2,1,0,0,0,0,4.58333333333333,2.85416666666667,4.58333333333333,2.85416666666667
"Mathevotaenia symmetrica",10,14,19,2,2,3,1,1,0,1,4.4,2.55111111111111,4.4640522875817,2.6800803109915
"Maupasina weissi",2,1,2,2,2,2,0,0,0,0,6,0,6,0
"Mediorhynchus centurorum",2,2,3,2,2,2,2,2,0,0,6,0,4.66666666666667,3.55555555555556
"Mediorhynchus grandis",8,3,9,2,2,3,1,0,0,0,4.39285714285714,3.52423469387755,4.52777777777778,3.02700617283951
"Megalobatrachonema terdentatum",4,4,8,2,1,2,4,4,0,0,4.6,4.84,4.17857142857143,3.43239795918367
"Megathylacoides giganteum",8,2,9,3,2,3,2,2,0,0,3.96428571428571,3.82015306122449,3.75,3.96527777777778
"Mesidionema praecomasculatis",1,NA,1,1,1,1,0,0,0,0,1,NA,1,NA
"Mesocestoides corti/variabilis/vogae",30,NA,30,3,3,12,0,0,0,0,4.13563218390805,1.53792574976879,4.15024630541872,1.49713048120556
"Mesocestoides lineatus/litteratus",11,NA,11,3,3,9,2,2,0,0,3.87272727272727,1.20198347107438,3.97777777777778,0.955061728395062
"Metacanthocephalus johnstoni",6,19,21,2,2,4,0,0,0,0,3.2,4.02666666666667,3.96666666666667,3.36555555555556
"Metaleptus rabuka",5,NA,5,3,3,3,0,0,0,0,4,2,4,2
"Metastrongylus apri",18,3,18,2,2,11,49,27,0,0,4.41830065359477,2.7923448246401,4.41830065359477,2.7923448246401
"Metastrongylus pudendotectus",5,1,5,2,2,4,12,8,0,0,3.4,4.64,3.4,4.64
"Metastrongylus salmi",3,1,3,2,2,4,17,10,0,0,4.66666666666667,3.55555555555556,4.66666666666667,3.55555555555556
"Metroliasthes lucida",9,3,10,2,2,2,4,2,0,0,4.52777777777778,2.58256172839506,4.57777777777778,2.6883950617284
"Microcephaloides variabilis",6,NA,6,2,2,3,0,0,0,0,4.2,4.16,4.2,4.16
"Micropleura indica",3,1,3,2,2,2,0,0,0,0,4.66666666666667,3.55555555555556,4.66666666666667,3.55555555555556
"Microsomacanthus albertensis",3,NA,3,2,2,2,0,0,0,0,4.66666666666667,3.55555555555556,4.66666666666667,3.55555555555556
"Microsomacanthus compressa",20,43,44,3,2,10,0,0,0,2,4.76842105263158,3.66216066481994,4.75725900116144,3.31041478657693
"Microsomacanthus diorchis",3,1,3,2,2,1,0,0,0,0,5,2,5,2
"Microsomacanthus ductilis",6,9,13,2,2,5,0,0,0,0,4.26666666666667,4.46222222222222,3.21794871794872,3.939677843524
"Microsomacanthus hopkinsi",9,13,15,2,2,10,0,0,0,0,2.69444444444444,3.26774691358025,2.23809523809524,2.3718820861678
"Microsomacanthus microskrjabini",4,7,7,2,2,2,0,0,0,0,4.66666666666667,2.22222222222222,3.85714285714286,2.69387755102041
"Microsomacanthus paracompressa",22,42,43,3,2,8,1,1,1,1,4.83333333333333,3.20555555555556,4.88966318234611,3.13184436971299
"Microsomacanthus paramicrosoma",10,50,50,3,2,6,2,2,0,1,4.95555555555556,2.75358024691358,4.88571428571429,2.77224489795918
"Microsomacanthus paraparvula",8,9,9,2,2,2,3,3,0,0,2.85714285714286,3.40816326530612,3.16666666666667,3.08333333333333
"Microsomacanthus pusilla",3,NA,3,2,2,2,0,0,0,0,4.33333333333333,5.55555555555555,4.33333333333333,5.55555555555555
"Microsomacanthus spinocirrosa",5,NA,5,2,2,3,0,0,0,0,3,6,3,6
"Microsomacanthus spiralibursata",17,13,22,3,2,5,0,0,0,0,5,2.75,4.84415584415584,3.17917580255243
"Microsomacanthus trombidacantha",2,NA,2,2,2,1,0,0,0,0,6,0,6,0
"Microsomacanthus tuvensis",10,12,12,2,2,4,0,0,0,0,3.22222222222222,4.43950617283951,3.06060606060606,3.90541781450872
"Microtetrameres centuri",5,NA,5,2,2,2,1,1,0,0,4.3,2.61,4.3,2.61
"Microtetrameres corax",4,4,8,2,2,2,0,0,0,1,5,2.33333333333333,4.57142857142857,2.34013605442177
"Microtetrameres helix",5,3,7,2,2,2,0,0,0,0,4.9,2.49,4.85714285714286,2.40816326530612
"Microtetrameres inermis",9,22,30,2,2,2,0,0,1,2,4.21428571428571,3.02551020408163,3.3994708994709,1.44095210100501
"Molineus barbatus",5,7,11,1,1,3,7,7,0,0,3,0,2.8,0.232727272727273
"Molluscotaenia crassiscolex",9,16,21,2,2,6,2,2,0,0,4.27777777777778,3.31172839506173,4.24242424242424,3.75941230486685
"Molluscotaenia estavarensis",2,NA,2,2,2,1,0,0,0,0,6,0,6,0
"Moniezia benedeni",14,39,40,2,2,12,39,28,0,0,4.38461538461539,3.13778529163145,4.05853658536585,3.21364663890541
"Moniezia expansa",20,55,57,2,2,22,175,126,0,5,4.33684210526316,3.23390581717452,4.20992135511192,3.06119618256271
"Moniliformis clarki",13,18,25,2,2,9,12,10,0,1,3.52564102564103,2.65959894806049,3.29347826086957,1.75082703213611
"Moniliformis moniliformis",6,94,96,2,2,14,87,69,0,9,4.8,2.56,4.69517439082656,2.06331641727059
"Monobothrium hunteri",4,2,5,2,2,3,0,0,0,0,3.5,6.25,3.3,5.01
"Monobothrium ingens",6,NA,6,2,2,4,0,0,0,0,4.06666666666667,4.32888888888889,4.06666666666667,4.32888888888889
"Monobothrium ulmeri",6,NA,6,2,2,3,1,1,0,0,3.13333333333333,4.24888888888889,3.13333333333333,4.24888888888889
"Monoecocestus sigmodontis",6,1,6,2,2,1,0,0,0,0,4,2,4,2
"Monoecocestus sp.",10,1,11,2,2,4,3,3,0,0,3.55555555555556,1.5358024691358,3.94545454545455,2.08793388429752
"Mosgovoyia pectinata",12,10,15,2,2,12,12,11,0,0,2.66666666666667,4.58119658119658,2.39705882352941,3.87175605536332
"Muellerius capillaris",39,48,76,2,2,12,105,76,6,8,3.53832442067736,1.61038507122181,3.92884322678843,2.35452575472201
"Multitesticulata filamentosa",3,2,4,2,2,3,0,0,0,0,1,0,2.33333333333333,0.888888888888889
"Muspicea borreli",1,NA,1,1,1,2,0,0,0,0,1,NA,1,NA
"Nematodiroides zembrae",1,2,2,1,1,1,5,5,0,0,1,NA,2,0
"Nematodirus abnormalis",2,14,14,1,1,4,4,4,0,0,2,0,2.59340659340659,0.636879603912571
"Nematodirus battus",2,5,6,1,1,6,129,129,0,0,4,0,2.93333333333333,0.728888888888889
"Nematodirus filicollis",2,24,24,1,1,8,41,41,0,0,2,0,2.6304347826087,0.493856332703214
"Nematodirus helvetianus",1,23,23,1,1,2,100,100,0,0,1,NA,2.67028985507246,0.438392669607225
"Nematodirus spathiger",4,29,29,1,1,9,105,105,0,1,3.33333333333333,0.555555555555556,3.12807881773399,1.0968963090587
"Nematoparataenia southwelli",3,2,4,2,2,3,0,0,0,0,4.66666666666667,3.55555555555556,4.2,4.96
"Neocamallanus ophiocephali",5,1,5,2,2,3,0,0,0,0,5,1.8,5,1.8
"Neocamallanus singhi",6,1,6,3,2,2,0,0,0,0,3.9,4.29,3.9,4.29
"Neoctenotaenia ctenoides",6,1,6,2,2,5,0,0,0,0,4.46666666666667,3.71555555555556,4.46666666666667,3.71555555555556
"Neoechinorhynchus cristatus",4,6,7,2,2,3,2,2,0,0,3.5,6.25,3.76190476190476,2.84807256235828
"Neoechinorhynchus cylindratus",8,33,35,3,2,7,6,5,0,0,3.30909090909091,4.50446280991736,3.86890756302521,1.49878115952263
"Neoechinorhynchus emydis",5,6,10,3,3,3,4,4,0,0,4.5,5.25,3.57777777777778,3.79950617283951
"Neoechinorhynchus rutili",10,116,119,3,2,7,21,16,0,0,4.49090909090909,3.37719008264463,3.77906336088154,1.10655890232149
"Neoechinorhynchus saginatus",3,15,17,2,2,3,1,1,0,0,4.33333333333333,5.55555555555555,3.55882352941176,1.70242214532872
"Neogryporhynchus cheilancristrotus",10,20,24,3,3,7,8,8,0,0,4.04444444444444,3.10913580246914,3.83333333333333,2.03743961352657
"Neoskrjabinolepis schaldybini",5,13,14,2,2,7,0,0,1,1,3.5,6.25,2.14102564102564,2.91600920447074
"Neostrongylus linearis",15,28,34,2,2,9,33,26,0,0,3.54166666666667,2.28159722222222,3.26576576576577,2.32726645564483
"Nesolecithus africanus",2,1,2,2,2,2,0,0,0,0,6,0,6,0
"Nippotaenia mogurndae",2,2,3,2,2,4,5,4,0,0,4,8,4.66666666666667,3.55555555555556
"Nybelinia surmenicola",11,85,85,3,2,8,4,4,0,3,5.16363636363636,1.91867768595041,4.08756979136056,1.82777084988967
"Obeliscoides cuniculi cuniculi",5,NA,5,1,1,6,0,0,0,0,3.3,0.81,3.3,0.81
"Obeliscoides cuniculi multistriatus",4,NA,4,1,1,3,0,0,0,0,3,1,3,1
"Octospinifer macilentis",2,NA,2,2,2,1,0,0,0,0,6,0,6,0
"Octospiniferoides chandleri",4,4,6,2,2,2,2,1,0,0,4.5,4.05,4.73333333333333,2.06222222222222
"Oesophagostomum asperum",1,9,9,1,1,1,6,3,0,1,1,NA,2.61111111111111,0.29320987654321
"Oesophagostomum bifurcum",6,8,11,1,1,3,47,18,0,0,2.26666666666667,0.328888888888889,1.98484848484848,0.348255280073462
"Oesophagostomum columbianum",1,19,19,1,1,7,112,71,0,0,1,NA,2.40952380952381,0.498956916099773
"Oesophagostomum dentatum",1,3,3,1,1,8,189,86,0,0,1,NA,2.66666666666667,0.222222222222222
"Oesophagostomum kansuensis",1,NA,1,1,1,1,0,0,0,0,1,NA,1,NA
"Oesophagostomum quadrispinulatum",1,1,1,1,1,3,30,9,0,0,1,NA,1,NA
"Oesophagostomum radiatum",1,17,17,1,1,6,175,139,0,0,1,NA,2.42105263157895,0.313942751615882
"Oesophagostomum venulosum",3,24,24,1,1,4,90,80,0,0,2,0,2.59057971014493,0.299766330602815
"Ohbayashinema erbaevae",2,2,3,1,1,2,3,3,0,0,1,0,1,0
"Oligacanthorhynchus tortuosa",3,4,6,2,2,2,2,2,0,0,4.66666666666667,3.55555555555556,3.8,3.22666666666667
"Ollulanus tricuspis",8,6,9,1,1,3,30,21,0,0,2.82142857142857,0.718112244897959,2.72222222222222,0.756172839506173
"Onchobothrium antarcticum",4,26,27,3,3,2,1,1,0,1,3.66666666666667,2.22222222222222,3.13960113960114,1.27680781811836
"Onchocamallanus bagarii",3,3,3,2,2,2,0,0,0,0,4.66666666666667,3.55555555555556,4.66666666666667,3.55555555555556
"Oncicola pomatostomi",20,38,46,3,2,2,0,0,0,0,3.69590643274854,1.05372593276564,3.36262626262626,0.697795122946638
"Oncicola venezuelensis",5,NA,5,3,2,3,5,5,0,0,4.7,2.81,4.7,2.81
"Oochoristica anolis",4,2,5,2,2,2,1,1,0,0,3.5,6.25,3,6
"Oochoristica javaensis",14,8,14,2,2,9,6,5,0,0,2.69230769230769,2.19103972950127,2.69230769230769,2.19103972950127
"Oochoristica osheroffi",9,4,10,2,2,5,3,3,0,0,4.27777777777778,3.36728395061728,4.22222222222222,3.10617283950617
"Oochoristica scelopori",14,24,25,2,2,7,2,2,0,0,2.06593406593407,2.78686149015819,2.30666666666667,1.88595555555556
"Oochoristica vacuolata",12,2,12,2,2,4,0,0,0,0,4.34848484848485,2.89370982552801,4.34848484848485,2.89370982552801
"Ophidascaris baylisi",2,2,3,2,2,1,0,0,0,0,5,0,4,2
"Ophidascaris labiatopapillosa",10,2,12,2,2,3,0,0,0,0,3.77777777777778,2.43950617283951,3.77272727272727,2.14531680440771
"Ophidascaris moreliae",11,7,13,3,2,1,0,0,0,0,4.04444444444444,1.50913580246914,3.92307692307692,1.78895463510848
"Ophidascaris pyrrhus",27,21,27,2,2,1,0,0,0,0,2.45584045584046,0.322124008733695,2.45584045584046,0.322124008733695
"Ophidascaris trichuriformis",13,12,15,2,2,2,0,0,1,2,2.89393939393939,2.24632690541781,2.82051282051282,2.17291255752794
"Ophiotaenia europaea",7,12,16,3,3,8,3,1,0,0,4.71428571428571,2.10884353741497,4.55,2.41416666666667
"Ophiotaenia filaroides",2,3,4,2,2,1,1,1,0,1,4,8,5.33333333333333,0.888888888888889
"Ophiotaenia gracilis",3,2,3,2,2,3,0,0,0,0,4.33333333333333,5.55555555555555,4.33333333333333,5.55555555555555
"Ophiotaenia monnigi",5,NA,5,3,3,2,0,0,0,0,4.83333333333333,2.80555555555556,4.83333333333333,2.80555555555556
"Ophiotaenia perspicua",11,2,13,3,3,5,0,0,0,0,4.43636363636364,3.37322314049587,4.23076923076923,3.43392504930967
"Ophiotaenia ranae",2,1,2,2,2,1,0,0,0,0,6,0,6,0
"Ophiotaenia saphena",5,NA,5,2,2,4,0,0,0,0,4.5,3.65,4.5,3.65
"Ophryocotyle insignis",4,3,6,2,2,3,0,0,0,0,4.16666666666667,3.80555555555556,3.6,3.30666666666667
"Ophryocotyle proteus",7,12,16,2,2,5,0,0,0,0,3.52380952380952,3.29705215419501,3.10833333333333,1.74659722222222
"Ornithostrongylus quadriradiatus",3,5,6,1,1,2,2,2,0,0,2,0,2.47619047619048,1.01133786848073
"Oslerus osleri",3,3,3,1,1,3,21,12,0,0,1.1,0.69,1.5,0.25
"Oslerus rostratus",14,1,14,3,2,6,11,9,0,0,4.74725274725275,1.8152397053496,4.74725274725275,1.8152397053496
"Ostertagia ostertagi",2,29,29,1,1,9,1756,1105,0,0,2,0,2.60645161290323,0.466625043357614
"Oswaldocruzia filiformis",13,29,33,1,1,3,19,19,1,2,4,1.03030303030303,3.92941176470588,1.65552150271873
"Otostrongylus circumlitus",11,14,15,2,2,6,14,11,0,0,3.38181818181818,2.1996694214876,3.76190476190476,2.67664399092971
"Oxyspirura mansoni",10,4,12,2,2,4,3,2,1,2,3.55555555555556,2.52469135802469,3.68888888888889,2.16987654320988
"Oxyuris equi",1,7,7,1,1,4,89,48,0,0,1,NA,2.39285714285714,2.23852040816327
"Pallisentis nagpurensis",6,5,10,3,2,3,0,0,0,0,3.95238095238095,2.90249433106576,3.6,2.45818181818182
"Parabisaccanthes philactes",5,15,15,2,2,3,0,0,0,0,3.6,3.84,4.33333333333333,3.59365079365079
"Paracamallanus cyathopharynx",3,7,8,2,2,3,8,8,0,0,4.33333333333333,5.55555555555555,3.64285714285714,2.58673469387755
"Paracamallanus sweeti",7,4,11,3,2,2,0,0,0,0,4.66666666666667,1.93650793650794,4.34545454545455,1.93520661157025
"Paracapillaria philippinensis",16,12,19,2,2,7,997,578,0,0,4.43333333333333,0.812222222222222,4.38011695906433,0.773639752402449
"Parachristianella monomegacantha",5,15,16,3,3,6,3,3,0,1,4.6,2.64,4.57142857142857,2.49251700680272
"Paracuaria adunca",19,52,57,3,2,11,8,8,0,0,4.98245614035088,1.54939981532779,4.42226255293406,1.8507324489123
"Paradilepis caballeroi",5,5,6,3,3,2,4,4,0,0,4.16666666666667,2.13888888888889,4.1,1.69
"Paradilepis scolecina",12,21,27,3,3,8,5,5,0,0,3.39393939393939,2.63269054178145,3.20443349753695,2.25131039336067
"Parafilaroides decorus",3,4,6,2,2,3,4,4,0,0,4,2,3.4,1.44
"Parafilaroides gymnurus",7,2,8,2,2,2,6,6,1,1,3.66666666666667,2.08888888888889,4.33333333333333,2.6031746031746
"Paranoplocephala macrocephala",11,5,14,2,2,7,3,3,0,0,4.07272727272727,4.24925619834711,3.75824175824176,4.27122328221229
"Paranoplocephala omphalodes",9,49,50,2,2,3,4,4,0,4,3.11111111111111,5.4320987654321,2.81159420289855,2.09880277252678
"Paraorygmatobothrium sp. 2",2,NA,2,3,3,1,0,0,0,0,5,0,5,0
"Paraorygmatobothrium sp. 3",5,NA,5,3,3,1,0,0,0,0,3.9,2.29,3.9,2.29
"Paraquimperia tenerrima",2,6,6,2,2,3,4,4,0,0,4,0,3.4,1.04
"Parascaris equorum",2,8,9,1,1,4,252,131,0,0,1,0,2.69444444444444,4.43441358024691
"Parasciurotaenia ryjikovi",5,NA,5,2,2,2,0,0,0,0,4.6,3.24,4.6,3.24
"Paraspiralatus sakeri",8,NA,8,3,3,2,0,0,0,0,4.71428571428571,1.3469387755102,4.71428571428571,1.3469387755102
"Paratenuisentis ambiguus",3,16,16,2,2,4,21,21,0,0,4.33333333333333,5.55555555555555,4.48333333333333,1.43305555555556
"Parelaphostrongylus andersoni",8,5,8,2,2,5,15,14,0,0,3.96428571428571,4.89158163265306,3.96428571428571,4.89158163265306
"Parelaphostrongylus odocoilei",12,6,14,2,2,11,18,15,0,0,4.34848484848485,2.71189164370983,4.37362637362637,2.73952421205168
"Parelaphostrongylus tenuis",20,51,53,2,2,8,100,64,1,2,4.08771929824561,2.71160357032933,4.46952104499274,2.49435405216959
"Paricterotaenia paradoxa",3,2,4,2,2,3,0,0,0,0,5,2,4.33333333333333,2.88888888888889
"Paricterotaenia porosa",9,16,22,2,2,5,2,2,0,1,3.77777777777778,5.72839506172839,3.8102766798419,4.05886672186724
"Paruterina candelabraria",15,11,22,2,2,9,3,3,0,1,3.88571428571429,1.60598639455782,3.69047619047619,1.85181405895692
"Paruterina rauschi",6,6,9,2,2,2,0,0,0,0,3.93333333333333,1.92888888888889,3.80555555555556,1.98996913580247
"Parvitaenia cochlearii",10,6,10,3,3,4,6,4,0,0,4.16666666666667,1.13888888888889,4.16666666666667,1.13888888888889
"Passalurus ambiguus",4,12,14,1,1,4,45,32,0,0,1.83333333333333,0.138888888888889,2.39047619047619,1.68562358276644
"Passerilepis serpentulus",14,6,14,2,2,5,0,0,0,0,3.14285714285714,2.10047095761381,3.14285714285714,2.10047095761381
"Passerilepis stylosa",8,11,14,2,2,4,0,0,0,0,3.71428571428571,4.13265306122449,3.26373626373626,2.94143219417945
"Paulisentis fractus",2,1,2,2,2,1,0,0,0,0,6,0,6,0
"Paulisentis missouriensis",2,1,2,2,2,2,2,1,0,0,4,8,6,0
"Pearsonema mucronata",7,3,8,2,2,1,0,0,0,0,2.95238095238095,3.85487528344671,2.78571428571429,3.5969387755102
"Pearsonema plica",9,8,14,2,2,7,15,13,0,0,4.08888888888889,3.5920987654321,3.79120879120879,3.11025238497766
"Pediobothrium sp.",4,NA,4,3,3,1,0,0,0,0,4.66666666666667,0.222222222222222,4.66666666666667,0.222222222222222
"Pharurus pallasii",3,3,3,2,2,3,0,0,0,0,4.66666666666667,0.222222222222222,4.66666666666667,0.222222222222222
"Philometra abdominalis",9,21,22,2,2,4,0,0,0,0,4.16666666666667,4.25,3.95670995670996,3.39206536609134
"Philometra cylindracea",2,2,3,2,2,2,1,1,0,0,6,0,5.33333333333333,0.888888888888889
"Philometra kotlani",2,1,2,2,2,1,0,0,0,0,6,0,6,0
"Philometra obturans",10,10,11,3,2,5,5,5,0,0,4.55555555555556,3.09135802469136,4.45454545454545,3.30247933884297
"Philometra ovata",9,27,28,2,2,3,5,5,0,0,4.19444444444444,4.10108024691358,3.6984126984127,3.35348954396573
"Philometra overstreeti",4,NA,4,3,2,3,5,5,0,0,5,1,5,1
"Philometra rischta",6,21,24,2,2,2,1,0,0,0,4.4,3.84,3.48913043478261,3.56872243226213
"Philometroides cyprini",8,10,10,2,2,3,2,2,0,0,2.92857142857143,3.20918367346939,3.68888888888889,3.50320987654321
"Philometroides huronensis",5,3,6,2,2,3,4,4,0,0,4.3,4.41,3.93333333333333,4.99555555555556
"Philometroides moraveci",2,NA,2,2,2,1,0,0,0,0,6,0,6,0
"Philometroides nodulosa",4,3,6,2,2,2,0,0,0,0,4,4,4.33333333333333,4.22222222222222
"Philometroides paralichthydis",3,NA,3,3,2,3,6,6,0,0,6,0,6,0
"Philometroides sanguinea",9,18,18,2,2,5,0,0,0,2,3.75,3.96527777777778,3.57516339869281,3.23781451578453
"Philonema agubernaculum",5,13,15,2,2,4,0,0,0,0,4.2,2.76,2.9047619047619,2.3718820861678
"Philonema oncorhynchi",4,16,16,2,2,6,6,6,0,0,3.5,6.25,2.38333333333333,2.66972222222222
"Philonema sibirica",5,11,13,2,2,4,0,0,0,0,4.8,2.56,4.05128205128205,3.81788297172913
"Phoreiobothrium sp. 1",7,NA,7,3,3,1,0,0,0,0,3.85714285714286,2.40816326530612,3.85714285714286,2.40816326530612
"Physaloptera hispida",5,5,9,2,2,2,1,1,0,0,5.1,1.29,4.27777777777778,3.31172839506173
"Physaloptera maxillaris",3,5,7,2,2,6,5,5,0,0,5.33333333333333,0.888888888888889,4.66666666666667,2.6031746031746
"Physaloptera praeputialis",10,29,36,3,2,5,14,12,0,1,4.8,2.07111111111111,4.25546218487395,2.52297436621707
"Physaloptera rara",10,10,16,3,2,7,13,10,0,0,4.86666666666667,1.98222222222222,4.275,2.56604166666667
"Physocephalus dromedarii",16,NA,16,3,2,3,3,3,0,0,4.54166666666667,3.29826388888889,4.54166666666667,3.29826388888889
"Physocephalus sexalatus",47,102,140,3,2,9,31,22,0,1,4.59308510638298,2.79629970197676,4.89179331306991,1.79720721969186
"Placoconus lotoris",2,3,3,1,1,1,0,0,0,0,3,0,3,0
"Plagiorhynchus cylindraceus",13,60,67,2,2,11,7,5,0,1,4.41025641025641,2.83168967784352,4.3016317016317,1.25214185969431
"Platyscolex ciliata",9,17,20,2,2,8,2,2,0,0,3.38888888888889,4.45987654320988,2.54736842105263,2.94249307479224
"Pneumostrongylus calcaratus",2,2,3,2,2,2,5,4,0,0,6,0,4.66666666666667,3.55555555555556
"Poecilancistrium caryophyllum",13,NA,13,4,4,4,2,2,0,0,4.33333333333333,3.16161616161616,4.33333333333333,3.16161616161616
"Polydelphis anoura",12,9,17,3,2,4,0,0,0,0,3.75757575757576,2.18365472910927,3.67647058823529,2.01297577854671
"Polymorphus cincli",2,2,2,2,2,1,0,0,0,0,6,0,4.33333333333333,5.55555555555555
"Polymorphus contortus",7,3,10,2,2,4,1,1,0,0,4.19047619047619,3.77324263038549,4.48888888888889,2.73876543209877
"Polymorphus marilis",7,5,11,2,2,6,0,0,0,0,4.19047619047619,3.67800453514739,4.21818181818182,2.2796694214876
"Polymorphus minutus",7,38,41,2,2,12,71,69,0,0,3.71428571428571,4.87074829931973,4.49012775842044,2.67963540760345
"Polymorphus paradoxus",5,9,11,2,2,6,3,3,0,0,5.1,0.89,4.34545454545455,2.11702479338843
"Polymorphus trochus",2,5,6,2,2,2,0,0,0,0,6,0,4.06666666666667,2.32888888888889
"Polyonchobothrium clarias",3,5,7,3,3,4,5,4,0,0,4.33333333333333,4.55555555555556,3.80952380952381,2.72562358276644
"Polyonchobothrium ophiocephalina",4,NA,4,2,2,1,0,0,0,0,5,2.33333333333333,5,2.33333333333333
"Pomphorhynchus bulbocolli",5,78,78,2,2,7,14,12,0,2,4.7,2.61,3.93164730006835,0.797788605609594
"Pomphorhynchus laevis",15,108,109,3,2,14,135,125,0,1,3.97794117647059,2.59510164359862,4.10038075458636,1.64620615478365
"Porrocaecum angusticolle",11,24,30,3,3,3,4,3,0,0,3.42222222222222,2.24395061728395,3.05287356321839,1.72823886907121
"Porrocaecum crassum",17,23,36,2,2,5,2,2,0,0,3.26470588235294,3.50346020761246,4.36507936507936,3.5143361048123
"Porrocaecum ensicaudatum",15,45,51,2,2,8,3,3,0,0,4.46666666666667,2.74412698412698,4.33490196078431,1.91842891195694
"Porrocaecum semiteres",7,30,34,2,2,3,4,4,0,0,4.66666666666667,2.6984126984127,3.89839572192513,1.89876747976779
"Procamallanus fukiensis",4,NA,4,2,2,1,0,0,0,0,4,4,4,4
"Procamallanus laeviconchus",7,30,35,3,2,3,6,6,0,0,3.80952380952381,2.72562358276644,3.32100840336134,1.37762587387896
"Procamallanus neocaballeroi",2,4,4,2,2,2,0,0,0,0,6,0,5,1
"Procamallanus rebecae",7,22,22,3,2,3,0,0,0,1,3.57142857142857,3.10204081632653,2.75494071146245,2.46959021387617
"Procamallanus saccobranchi",3,3,3,2,2,1,0,0,0,0,4.66666666666667,3.55555555555556,4.66666666666667,3.55555555555556
"Procamallanus spiculogubernaculus",3,10,12,2,2,2,1,1,0,1,4.66666666666667,3.55555555555556,4.58181818181818,2.86148760330579
"Prochristianella hispida",11,7,12,3,3,5,0,0,0,0,4.56363636363636,3.4095867768595,4.48484848484848,3.40128558310376
"Procyrnea zorillae",12,14,16,3,2,1,0,0,0,0,4.36363636363636,1.95867768595041,4.00833333333333,2.09159722222222
"Profilicollis altmani",16,2,16,2,2,4,6,6,0,0,3.83088235294118,2.05228157439446,3.85,2.0275
"Profilicollis botulus",8,10,11,2,2,6,3,3,0,0,3.64285714285714,4.30102040816327,4.10909090909091,3.80628099173554
"Profilicollis brevis",24,NA,24,3,2,6,0,0,0,0,3.74703557312253,1.43798528331953,3.74703557312253,1.43798528331953
"Profilicollis chasmagnathi",7,NA,7,2,2,4,6,6,0,0,4.71428571428571,2.01360544217687,4.71428571428571,2.01360544217687
"Profilicollis novaezelandensis",8,6,8,2,2,4,1,1,1,1,4.42857142857143,3.57823129251701,4.42857142857143,3.57823129251701
"Proleptus niedmanni",2,1,2,2,2,2,0,0,0,0,6,0,6,0
"Proleptus obtusus",6,8,10,2,2,7,3,2,0,1,4.53333333333333,3.44888888888889,4.52777777777778,2.74922839506173
"Prosthenorchis elegans",13,16,25,2,2,4,9,6,0,4,4.23076923076923,3.74161735700197,3.83333333333333,3.22460317460317
"Protenema longispicula",2,NA,2,2,2,1,0,0,0,0,6,0,6,0
"Proteocephalus ambiguus",4,5,5,2,2,3,1,1,0,0,4.66666666666667,2.22222222222222,5,1.8
"Proteocephalus ambloplitis",16,28,34,3,3,8,6,4,0,0,3.88947368421053,3.28778393351801,4.20142602495544,1.35871454399293
"Proteocephalus cernuae",2,9,9,2,2,3,0,0,0,0,6,0,3.69444444444444,2.3233024691358
"Proteocephalus filicollis",4,11,12,3,2,7,5,3,0,0,5,2,4.86363636363636,2.05716253443526
"Proteocephalus fluviatilis",8,2,8,2,2,2,0,0,0,0,3.93333333333333,5.08444444444444,4.21428571428571,4.31122448979592
"Proteocephalus longicollis",28,38,48,3,2,18,23,20,0,0,4.19128787878788,3.82515137167126,4.45744680851064,3.01769277199336
"Proteocephalus macrocephalus",5,15,16,2,2,5,15,11,0,0,4.2,4.96,4.38235294117647,2.26557093425606
"Proteocephalus osculatus",2,11,11,2,2,2,5,4,0,0,6,0,3.96969696969697,1.42332415059688
"Proteocephalus pearsei",5,16,18,2,2,2,0,0,0,0,4.9,2.49,4.04575163398693,1.61228587295485
"Proteocephalus percae",13,43,46,3,2,9,18,16,0,0,4.56043956043956,3.05953387272069,4.49768732654949,1.80411121028342
"Proteocephalus thymalli",4,15,15,2,2,2,2,2,0,1,4.5,3.25,3.64835164835165,4.62359618403574
"Proteocephalus torulosus",12,57,60,3,2,6,12,10,0,1,4.40909090909091,3.51446280991736,3.74603174603175,2.7539525069287
"Protospirura muricola",42,15,51,2,2,3,15,14,0,1,3.58582502768549,2.12524757514327,3.71719457013575,2.41398790633552
"Protospirura numidica",22,15,32,2,2,6,11,8,0,0,4.41558441558442,2.84027660651037,4.16935483870968,2.68099635796046
"Protostrongylus boughtoni",7,7,7,2,2,3,4,3,0,0,4.28571428571429,2.87074829931973,4.28571428571429,2.87074829931973
"Protostrongylus cuniculorum",2,1,2,2,2,2,1,1,0,0,6,0,6,0
"Protostrongylus davtiani",7,3,7,2,2,2,0,0,3,3,3.2,5.56,3.83333333333333,4.80555555555556
"Protostrongylus hobmaieri",15,4,17,2,2,2,4,3,0,0,4.1,3.42333333333333,4.15441176470588,3.57174524221453
"Protostrongylus oryctolagi",5,NA,5,2,2,2,2,2,0,0,4.6,3.04,4.6,3.04
"Protostrongylus pulmonalis/kamenskyi",7,NA,7,2,2,5,0,0,0,0,4.33333333333333,2.6984126984127,4.33333333333333,2.6984126984127
"Protostrongylus rufescens",13,23,34,2,2,3,32,25,0,0,3.71794871794872,2.25378040762656,3.58645276292335,3.38334588413229
"Protostrongylus skrjabini",5,1,5,2,2,1,0,0,1,1,3.83333333333333,4.80555555555556,3.83333333333333,4.80555555555556
"Protostrongylus stilesi/rushi",17,NA,17,2,2,10,3,2,0,0,3.50735294117647,1.97053416955017,3.50735294117647,1.97053416955017
"Protostrongylus tauricus",7,1,7,2,2,5,0,0,0,0,3.47619047619048,3.10657596371882,3.47619047619048,3.10657596371882
"Pseudalius inflexus",3,8,11,2,2,2,7,5,1,1,5,0,4.02222222222222,2.19950617283951
"Pseudanoplocephala crawfordi",7,6,8,2,2,3,4,4,0,0,4.28571428571429,2.96598639455782,4.57142857142857,2.6734693877551
"Pseudanthobothrium purtoni",3,NA,3,2,2,2,2,1,0,0,1,0,1,0
"Pseudhymenolepis redonica",4,3,5,2,2,5,0,0,0,0,5,3.33333333333333,4.4,5.04
"Pseudocapillaria tomentosa",25,73,77,2,1,5,18,11,0,2,2.95333333333333,1.58448888888889,3.1827027027027,1.09274584855125
"Pseudocorynosoma constrictum",11,NA,11,2,2,6,0,0,0,0,2.56363636363636,2.75504132231405,2.56363636363636,2.75504132231405
"Pseudodelphis oligocotti",8,1,8,2,2,2,3,2,0,0,3.96428571428571,1.96301020408163,3.96428571428571,1.96301020408163
"Pseudophysaloptera vincenti",2,NA,2,2,2,1,0,0,0,0,6,0,6,0
"Pseudoproleptus sp.",2,NA,2,2,2,1,2,2,0,0,6,0,6,0
"Pseudoterranova cattani",20,1,21,5,3,4,6,6,0,0,3.995670995671,0.696950956691216,4.10526315789474,0.662603878116344
"Pseudoterranova decipiens [A-D]",62,NA,62,5,3,21,99,78,3,3,5.12867132867133,1.31584462157889,5.15409836065574,1.21341216518857
"Pterygodermatites affinis",10,4,11,3,2,10,5,4,0,0,4.33333333333333,2.53333333333333,4.23636363636364,2.43504132231405
"Pterygodermatites coloradensis",16,2,18,2,2,5,0,0,0,0,4.43382352941176,1.93679714532872,4.57309941520468,2.10430559830375
"Pterygodermatites desportesi",3,NA,3,2,2,1,0,0,0,0,5,2,5,2
"Pterygodermatites hispanica",2,2,2,2,2,2,0,0,0,0,6,0,6,0
"Pterygodermatites nycticebi",5,7,11,2,2,3,5,5,0,2,4,3,3.44444444444444,2.08024691358025
"Pterygodermatites peromysci",4,3,7,2,2,2,5,5,0,0,3.5,6.25,4,5.42857142857143
"Pterygodermatites taterilli",3,NA,3,2,2,1,0,0,0,0,4.66666666666667,3.55555555555556,4.66666666666667,3.55555555555556
"Pterygodermatites zygodontomis",3,NA,3,2,2,3,0,0,0,0,5.33333333333333,0.888888888888889,5.33333333333333,0.888888888888889
"Ptilotolepis raymondi",3,1,3,2,2,3,0,0,0,0,5.66666666666667,0.222222222222222,5.66666666666667,0.222222222222222
"Quadriplotriaena hypsokysta",3,2,3,2,2,2,0,0,0,0,4.33333333333333,5.55555555555555,4.33333333333333,5.55555555555555
"Rabbium paradoxus",2,1,2,2,1,1,0,0,0,0,1,NA,1,NA
"Raillietina australis",2,2,2,2,2,2,1,1,0,0,6,0,6,0
"Raillietina beveridgei",2,2,2,2,2,2,0,0,0,0,6,0,6,0
"Raillietina bonini",9,1,9,2,2,2,0,0,1,1,4.07142857142857,2.99489795918367,4.22222222222222,3.45061728395062
"Raillietina cesticillus",25,24,46,2,2,12,45,38,1,3,3.17666666666667,2.51212222222222,4.07530454042082,3.02422955841792
"Raillietina chiltoni",2,2,2,2,2,2,0,0,0,0,6,0,6,0
"Raillietina dromaius",2,2,2,2,2,2,0,0,0,0,6,0,6,0
"Raillietina echinobothrida",6,21,23,2,2,9,63,56,0,1,4.26666666666667,3.66222222222222,4.22826086956522,3.27036074354127
"Raillietina georgiensis",2,2,3,2,2,1,2,1,0,0,6,0,5.33333333333333,0.888888888888889
"Raillietina loeweni",3,1,3,2,2,2,1,1,0,0,4.33333333333333,5.55555555555555,4.33333333333333,5.55555555555555
"Raillietina mitchelli",2,2,2,2,2,2,0,0,0,0,6,0,6,0
"Raillietina tetragona",7,18,21,2,2,10,48,40,0,0,4.42857142857143,3.6734693877551,4.23320158102767,3.33296880126232
"Raphidascaris acus",67,154,187,4,2,11,46,35,4,6,5.25469483568075,1.70156246556018,4.84207532142451,1.64999437320938
"Raphidascaris gigi",12,1,12,3,2,4,2,2,0,0,4.04545454545455,1.40702479338843,4.09090909090909,1.31900826446281
"Retinometra exigua",2,NA,2,2,2,2,0,0,0,0,6,0,6,0
"Retinometra venusta",4,16,17,2,2,3,0,0,0,0,4.66666666666667,3.88888888888889,4.64705882352941,3.02249134948097
"Rhabdochona canadensis",5,21,23,2,2,2,5,3,0,1,4.5,3.45,3.58008658008658,2.13103202713592
"Rhabdochona cascadilla",10,17,24,2,2,5,0,0,0,0,4.2,2.47111111111111,3.88768115942029,1.41854389834068
"Rhabdochona coronacauda",4,10,10,2,2,3,3,3,0,1,5.16666666666667,1.47222222222222,4.5,2.75
"Rhabdochona denudata",15,66,69,2,2,5,7,6,0,2,4.35833333333333,3.11326388888889,3.74808184143223,2.73576997795671
"Rhabdochona ergensi",2,3,3,2,2,2,0,0,0,0,6,0,5,2
"Rhabdochona gnedini",2,19,20,2,2,1,0,0,0,0,6,0,3.57368421052632,1.67614958448753
"Rhabdochona hellichi",3,16,16,2,2,3,4,4,0,0,4.33333333333333,5.55555555555555,3.84967320261438,2.87282669058909
"Rhabdochona kidderi",10,23,27,2,2,4,4,4,0,0,4.17777777777778,2.50172839506173,3.08128078817734,2.15841806401514
"Rhabdochona oncorhynchi",10,15,15,2,2,2,0,0,0,0,2.51111111111111,3.22765432098765,2.72380952380952,2.90467120181406
"Rhabdochona phoxini",5,7,7,2,2,3,0,0,0,0,4,3,4.71428571428571,2.48979591836735
"Rhodobothrium mesodesmatum",2,1,2,2,2,1,0,0,0,0,6,0,6,0
"Rhodobothrium paucitesticulare",3,NA,3,2,2,2,0,0,0,0,5,2,5,2
"Rictularia cristata",3,10,12,2,2,4,0,0,0,0,5,2,2.89393939393939,2.57966023875115
"Rictularia proni",8,12,19,2,2,2,0,0,0,0,4.78571428571429,2.0969387755102,4.29824561403509,2.56017236072638
"Rodentolepis asymmetrica",7,11,12,2,2,5,1,1,0,1,3.61904761904762,5.28344671201814,3.03030303030303,4.2415059687787
"Rodentolepis microstoma",11,15,23,2,2,12,4,3,1,3,4.33333333333333,3.68888888888889,4.44736842105263,2.9314404432133
"Rodentolepis straminea",13,22,30,2,2,5,5,4,0,1,3.29487179487179,3.15664036817883,2.97849462365591,1.59523644351948
"Ryjikovilepis dubininae",2,6,6,2,2,2,0,0,0,0,6,0,3.73333333333333,5.92888888888889
"Salvelinema salmonicola",7,12,13,2,2,3,0,0,0,0,2.80952380952381,4.24943310657596,2.74358974358974,2.62656147271532
"Salvelinema walkeri",3,2,3,2,2,3,0,0,0,0,4.33333333333333,5.55555555555555,4.33333333333333,5.55555555555555
"Schistocephalus pungitii",9,7,15,3,3,9,10,8,0,0,3.19444444444444,2.98996913580247,4.43809523809524,3.44616780045351
"Schistocephalus solidus",29,70,87,3,3,27,148,136,0,0,4.6256157635468,2.70220097551506,4.88845350052247,1.25741108796319
"Schistotaenia colymba",3,7,7,2,2,3,0,0,0,0,4.33333333333333,5.55555555555555,2.85714285714286,4.12244897959184
"Schistotaenia srivastavai",9,9,9,2,2,3,3,2,0,0,4.02777777777778,4.13811728395062,3.74545454545455,4.1897520661157
"Schistotaenia tenuicirrus",4,3,4,2,2,2,0,0,0,0,3.83333333333333,4.80555555555556,3.83333333333333,4.80555555555556
"Schizorchis altaica",3,5,7,2,2,2,0,0,0,0,5,2,4.04761904761905,4.52154195011338
"Sciurotaenia transversaria",6,NA,6,2,2,2,0,0,0,0,4,4.8,4,4.8
"Sclerocollum saudii",2,NA,2,2,2,1,0,0,0,0,6,0,6,0
"Serpinema trispinosum",9,13,20,3,2,5,3,2,0,1,5.19444444444444,1.87885802469136,4.91052631578947,1.99725761772853
"Serratospiculum seurati",5,NA,5,2,2,3,0,0,0,0,5,2.6,5,2.6
"Serratospiculum tendo",3,2,4,2,2,3,8,7,0,0,5.33333333333333,0.888888888888889,5.33333333333333,0.888888888888889
"Seuratum cadarachense",2,2,3,2,2,1,0,0,0,0,6,0,5,2
"Seuratum nguyenvanaii",3,NA,3,2,2,1,0,0,0,0,4.66666666666667,3.55555555555556,4.66666666666667,3.55555555555556
"Sicarius dipterum",5,3,7,2,2,3,0,0,0,0,3.5,4.25,4.52380952380952,3.39229024943311
"Simondsia paradoxa",22,5,22,3,2,6,5,4,0,0,4.89328063241107,1.73959911887391,4.89328063241107,1.73959911887391
"Skrjabinelazia galliardi",2,1,2,2,1,2,0,0,1,1,1,NA,1,NA
"Skrjabinema ovis",4,14,14,1,1,2,15,14,0,1,1.83333333333333,0.138888888888889,2.03809523809524,0.227120181405896
"Skrjabingylus chitwoodorum",16,2,16,3,2,6,4,4,1,1,4.81904761904762,2.39582766439909,4.81904761904762,2.39582766439909
"Skrjabingylus lutrae",3,1,3,3,2,1,0,0,0,0,6,0,6,0
"Skrjabingylus nasicola",19,10,22,3,2,6,7,5,1,1,3.95424836601307,4.12208979452347,3.75238095238095,4.07201814058957
"Skrjabingylus petrowi",4,NA,4,3,2,4,2,2,0,0,4.33333333333333,5.55555555555555,4.33333333333333,5.55555555555555
"Skrjabinocerca americana",4,NA,4,2,2,2,0,0,0,0,4.33333333333333,2.88888888888889,4.33333333333333,2.88888888888889
"Skrjabinocerca prima",18,9,27,2,2,4,0,0,0,1,3.86928104575163,1.25088641120936,3.85230769230769,1.46126390532544
"Skrjabinoclava inornatae",4,4,7,2,2,3,0,0,0,0,3.83333333333333,4.80555555555556,3.23809523809524,3.41950113378685
"Skrjabinoclava morrisoni",2,3,3,2,2,2,0,0,0,0,6,0,4.33333333333333,5.55555555555555
"Skrjabinoptera phrynosoma",4,30,31,2,2,4,0,0,0,0,3.5,6.25,2.48387096774194,1.34651404786681
"Sobolevicanthus bisaccata",2,NA,2,2,2,2,0,0,0,0,6,0,6,0
"Sobolevicanthus gracilis",30,88,94,3,2,16,9,9,0,5,4.97241379310345,2.62912405866033,4.82372034956305,2.60463085313146
"Sobolevicanthus krabbeella",5,9,10,2,2,2,0,0,0,0,4.1,5.49,3.08888888888889,4.83654320987654
"Sobolevicanthus octacantha",7,23,24,3,2,6,0,0,0,1,4.52380952380952,4.43990929705215,4.42687747035573,3.80987048696277
"Soboliphyme baturini",17,10,22,3,2,6,6,6,1,1,3.01666666666667,1.68305555555556,3.06190476190476,1.40092970521542
"Soboliphyme occidentalis",2,NA,2,2,2,1,0,0,0,0,1,NA,1,NA
"Soboliphyme soricis",2,1,2,2,2,2,0,0,0,0,1,NA,1,NA
"Southwellina hispida",25,27,43,3,2,6,6,6,0,0,3.86666666666667,1.90888888888889,4.28682170542636,1.11042433919665
"Spathebothrium simplex",3,10,12,2,2,2,2,2,0,0,5,2,3.51282051282051,3.45496383957922
"Sphaerirostris picae",6,8,11,3,2,3,1,1,0,0,3.93333333333333,4.19555555555556,4.12727272727273,2.00198347107438
"Spinicauda freitasi",1,NA,1,1,1,1,0,0,0,0,1,NA,1,NA
"Spinitectus carolini",20,27,41,2,2,4,5,3,0,0,4.75238095238095,2.04344671201814,4.53048780487805,2.19297293277811
"Spinitectus gracilis",20,32,49,2,2,5,0,0,0,0,4.75714285714286,2.28863945578231,4.6530612244898,1.61602804387061
"Spinitectus inermis",6,7,7,2,2,1,6,6,1,1,4.1,2.49,4.2,1.89333333333333
"Spinitectus micracanthus",2,11,12,2,2,2,0,0,0,0,6,0,3,3.06060606060606
"Spinitectus ranae",7,3,10,2,2,1,0,0,0,0,3.52380952380952,3.29705215419501,3.68888888888889,2.7920987654321
"Spirocamallanus cricotus",3,2,4,2,2,2,2,2,0,0,5.66666666666667,0.222222222222222,5.16666666666667,2.13888888888889
"Spirocamallanus fulvidraconis",4,1,5,2,2,3,1,1,0,0,4,4,4.6,3.24
"Spirocamallanus hilarii",7,11,15,3,2,4,0,0,0,1,4.09523809523809,3.70521541950113,3.84615384615385,2.15215553677092
"Spirocamallanus mysti",9,10,10,2,2,3,0,0,0,0,3.66666666666667,3.88888888888889,3.6,3.61777777777778
"Spirocerca lupi",63,105,148,3,2,16,162,91,0,3,4.78187403993856,2.46855009780534,4.93613604156826,1.60499083269723
"Spirometra erinacei",26,56,71,4,3,10,101,43,0,0,4.85221674876847,1.89441626829091,4.54567404426559,1.24992595411503
"Spirometra mansonoides",21,14,28,4,3,9,101,68,0,0,4.18181818181818,2.64497245179063,4.50738916256158,1.70314737071999
"Spiroxys contortus",21,NA,21,3,2,7,7,6,1,1,5,2.2,5,2.2
"Spirura infundibuliformis",9,12,13,2,2,2,0,0,0,1,4.33333333333333,3.55555555555556,4.33333333333333,3.28282828282828
"Spirura malayensis",4,1,4,2,2,1,0,0,0,0,4.5,3.25,4.5,3.25
"Spirura rytipleurites",8,10,17,2,2,2,1,1,0,2,4.07142857142857,3.49489795918367,4.67619047619048,2.31419501133787
"Spirura talpae",2,6,6,2,2,2,2,1,0,0,6,0,3.38095238095238,5.28344671201814
"Spongiobothrium sp.",2,1,3,3,3,1,0,0,0,0,5,0,4,2
"Staphylocystis brusatae",6,3,8,2,2,3,0,0,1,1,4.6,3.84,4.14285714285714,5.26530612244898
"Staphylocystis furcata",15,30,33,2,2,7,4,4,2,3,3.96703296703297,2.14177031759449,4.28817204301075,3.65889235749798
"Staphylocystis pistillum",2,4,5,2,2,3,0,0,0,0,6,0,3.5,4.25
"Staphylocystis scalaris",4,3,5,2,2,5,0,0,0,0,3.83333333333333,4.80555555555556,3.5,4.25
"Stephanurus dentatus",6,4,6,2,1,8,53,42,0,0,4.93333333333333,1.79555555555556,4.93333333333333,1.79555555555556
"Sterliadochona ephemeridarum",2,20,20,2,2,1,0,0,0,0,6,0,2.94736842105263,2.14459833795014
"Stilesia globipunctata",12,13,21,2,2,8,16,14,0,1,4.31818181818182,3.61088154269972,4.08658008658009,3.4037592998632
"Streptocara crassicauda",29,82,92,3,2,11,7,5,1,3,4.33333333333333,2.48677248677249,4.09576098059244,1.38791870078596
"Streptopharagus greenbergi",5,NA,5,2,2,1,1,1,0,0,4.3,4.41,4.3,4.41
"Streptopharagus kutassi",14,NA,14,2,2,3,0,0,0,0,3.75824175824176,4.00748701847603,3.75824175824176,4.00748701847603
"Streptopharagus pigmentatus",5,4,8,2,2,3,5,5,0,0,4.4,4.24,4.03571428571429,4.67729591836735
"Strongylus edentatus",5,5,8,1,1,7,66,26,0,0,1,0,2.25,2.1875
"Strongylus equinus",5,5,6,1,1,6,23,12,0,0,1,0,1,0
"Strongylus vulgaris",5,3,6,1,1,8,239,76,0,0,1,0,1,0
"Subulura bolivari",4,1,4,2,2,1,0,0,0,0,4,4,4,4
"Subulura jacchi",6,NA,6,2,2,2,0,0,0,0,3.53333333333333,3.31555555555556,3.53333333333333,3.31555555555556
"Subulura otolicni",8,NA,8,2,2,3,0,0,0,0,4.21428571428571,3.81122448979592,4.21428571428571,3.81122448979592
"Subulura williaminglisi",7,NA,7,2,2,2,0,0,0,0,4.61904761904762,2.61678004535147,4.61904761904762,2.61678004535147
"Sulcascaris sulcata",13,2,13,2,2,5,5,5,0,0,4.75641025641026,1.1586127547666,4.75641025641026,1.1586127547666
"Syncuaria squamata",12,11,14,3,2,5,5,5,0,0,4.75757575757576,2.06244260789715,4.71428571428571,1.91836734693878
"Syngamus trachea",26,61,78,2,1,12,82,29,1,2,5.27,1.42376666666667,4.70529470529471,1.72700160312548
"Syphacia muris",1,16,16,1,1,5,76,31,0,0,1,NA,2.03676470588235,1.07953070934256
"Syphacia obvelata",1,65,65,1,1,5,135,55,0,5,1,NA,2.86123911930364,0.613105889058518
"Taenia acinonyxi",3,9,9,2,2,4,1,1,0,0,3.33333333333333,0.888888888888889,3.09090909090909,0.991735537190083
"Taenia arctos",2,NA,2,2,2,1,4,2,0,0,4,0,4,0
"Taenia asiatica",2,4,4,2,2,3,100,13,0,0,4,0,3.83333333333333,0.138888888888889
"Taenia crassiceps",14,62,64,2,2,10,526,123,0,5,3.0952380952381,1.01950113378685,3.25961538461538,0.760484467455621
"Taenia crocutae",9,23,26,2,2,4,2,0,0,1,2.41666666666667,0.743055555555556,2.76190476190476,0.964474678760393
"Taenia endothoracicus",5,11,12,2,2,5,4,2,0,0,2.5,1.65,2.63235294117647,1.61483564013841
"Taenia gonyamai",8,7,12,2,2,4,0,0,0,0,2.82142857142857,1.07525510204082,2.83516483516484,1.1046975003019
"Taenia hyaenae",13,17,20,2,2,6,1,0,0,1,2.8974358974359,0.886916502301118,3.03896103896104,0.929217968179007
"Taenia hydatigena",16,73,73,2,2,18,350,89,0,3,3.19883040935673,1.0364898601279,3.74558774558775,0.905637375167845
"Taenia krepkogorski",7,7,7,2,2,2,1,1,0,0,3.0952380952381,1.41950113378685,3,1.44444444444444
"Taenia laticollis",8,7,11,2,2,7,2,0,0,0,3.10714285714286,1.30994897959184,3.12121212121212,1.16712580348944
"Taenia macrocystis",9,18,23,2,2,5,4,3,0,0,2.69444444444444,1.15663580246914,2.91,1.10856666666667
"Taenia madoquae",2,3,3,2,2,1,1,1,0,0,4,0,2.8,2.16
"Taenia martis",18,36,40,2,2,9,20,12,0,2,3.09803921568627,1.14725105728566,3.24154589371981,0.865327078811641
"Taenia multiceps",6,39,39,2,2,15,126,57,0,0,3.33333333333333,1.26984126984127,3.4642375168691,0.712958561669408
"Taenia mustelae",40,83,89,2,2,18,13,9,0,4,3.0025641025641,0.771788297172913,3.21859039836568,0.789807614657553
"Taenia olngojinei",5,6,7,2,2,2,0,0,0,0,2.7,1.21,3,1.21428571428571
"Taenia omissa",4,7,7,2,2,4,7,6,0,0,2.83333333333333,1.47222222222222,3.05555555555556,1.33024691358025
"Taenia ovis/krabbei",12,NA,12,2,2,12,12,3,0,0,3.24358974358974,0.902202498356345,3.28787878787879,0.750459136822773
"Taenia parenchymatosa",6,7,7,2,2,2,0,0,0,1,3,1.52380952380952,2.95555555555556,1.33135802469136
"Taenia parva",5,16,16,2,2,4,4,3,0,0,3.4,0.24,3.15789473684211,1.0382271468144
"Taenia pencei",2,2,3,2,2,1,0,0,1,1,1,NA,4,0
"Taenia pisiformis",17,62,63,2,2,18,155,73,0,4,3.40522875816993,0.959972660088,3.65044949762031,1.39182819562508
"Taenia polyacantha",16,30,33,2,2,8,23,18,0,3,2.875,1.14270833333333,3.06417112299465,0.944188662339024
"Taenia regis",5,13,14,2,2,6,5,2,0,0,3.3,1.01,3.00833333333333,0.974930555555556
"Taenia rileyi",11,13,18,2,2,9,4,1,0,0,3.25454545454545,0.771570247933884,3.21637426900585,0.777743579220957
"Taenia saginata",2,15,15,2,2,8,995,201,0,0,4,0,3.11029411764706,0.745188148788927
"Taenia selousi",3,4,5,2,2,3,0,0,0,0,3.33333333333333,0.888888888888889,2.95238095238095,1.56916099773243
"Taenia serialis",7,28,29,2,2,10,34,16,0,0,2.96428571428571,1.60586734693878,3.59080459770115,0.660145329634034
"Taenia simbae",3,1,3,2,2,2,0,0,0,0,3.33333333333333,0.888888888888889,3.16666666666667,1.47222222222222
"Taenia solium",3,36,36,2,2,6,2276,265,0,0,3,2,3.83357041251778,0.63944201744606
"Taenia taeniaeformis",18,65,67,2,2,12,302,100,0,3,2.73856209150327,0.807467213464907,3.36786654960492,0.856772533551835
"Taenia talicei",4,NA,4,2,2,2,0,0,0,0,2.5,2.25,2.5,2.25
"Taenia taxidiensis",7,6,8,2,2,7,0,0,0,0,2.95238095238095,1.09297052154195,3.08888888888889,1.10320987654321
"Taenia twitchelli",7,10,11,2,2,1,1,0,0,0,3.0952380952381,0.467120181405896,3.15384615384615,0.719921104536489
"Tanaorhamphus longirostris",2,4,4,2,2,3,0,0,0,0,6,0,4.5,3.25
"Tarsubulura perarmata",6,NA,6,2,2,2,0,0,0,0,4.6,2.90666666666667,4.6,2.90666666666667
"Tatria biremis",5,9,9,2,2,5,1,1,0,0,3.3,5.01,3,3.61111111111111
"Tegorhynchus furcatus",7,10,10,2,2,2,0,0,0,0,4.71428571428571,3.15646258503401,4.77777777777778,1.86172839506173
"Teladorsagia circumcincta",1,25,25,1,1,6,473,380,0,0,1,NA,2.58333333333333,0.496388888888889
"Tetrabothrius erostris",8,14,15,3,3,6,7,7,0,0,2.57142857142857,2.53061224489796,2.38461538461538,1.97295012679628
"Tetrabothrius sp.",2,22,24,3,3,2,11,9,0,0,1,NA,4.17391304347826,1.2424815260354
"Tetrameres americana",6,2,6,2,2,3,14,9,0,0,4.53333333333333,3.04888888888889,4.53333333333333,3.04888888888889
"Tetrameres cardinalis",2,NA,2,2,2,1,0,0,0,0,6,0,6,0
"Tetrameres confusa",3,1,4,2,2,2,1,1,0,0,4.66666666666667,3.55555555555556,5,2.33333333333333
"Tetrameres crami",13,3,14,2,2,1,1,1,0,0,2.76923076923077,4.30571992110454,2.65934065934066,4.20263253230286
"Tetrameres fissispina",20,33,48,2,2,10,11,10,1,1,5.03157894736842,1.51479224376731,4.58333333333333,2.3423463356974
"Tetrameres mohtedai",6,6,9,2,2,4,1,1,1,1,5.33333333333333,0.555555555555556,5.09523809523809,0.943310657596372
"Tetrameres pattersoni",4,1,4,2,2,2,5,3,0,0,4.66666666666667,2.22222222222222,4.66666666666667,2.22222222222222
"Thelastoma bulhoesi",1,4,4,1,1,2,10,9,0,2,1,NA,2,0
"Thubunaea baylisi",5,5,6,2,2,1,0,0,0,0,4,2.8,3.73333333333333,2.72888888888889
"Thysaniezia giardi",11,9,16,2,2,3,7,6,0,0,4.10909090909091,3.04264462809917,4.43333333333333,2.99555555555556
"Toxascaris leonina",12,40,43,2,1,11,302,151,0,0,3.42307692307692,1.19280078895464,3.09856035437431,1.21841431723221
"Toxocara canis",11,57,61,2,1,16,2160,471,0,3,4.15151515151515,1.85583103764922,3.81472822910579,1.28829272275075
"Toxocara cati",6,30,33,2,1,8,388,131,0,0,4.9,1.49,3.04356060606061,1.56817823117539
"Toxocara mackerrasae",4,NA,4,1,1,2,3,2,0,0,1.83333333333333,0.138888888888889,1.83333333333333,0.138888888888889
"Toxocara pteropodis",2,8,8,1,1,3,14,7,0,0,1,0,2.39285714285714,2.23852040816327
"Toxocara vitulorum",2,9,9,1,1,5,85,24,0,0,2,0,2.51282051282051,0.993425378040763
"Travassosascaris araujoi",2,NA,2,2,2,2,0,0,0,0,5,0,5,0
"Triaenophorus crassus",15,56,59,3,3,17,17,15,0,1,3.76190476190476,3.81950113378685,4.50528846153846,2.85477972448225
"Triaenophorus nodulosus",18,85,89,3,3,15,62,54,0,0,4.54901960784314,2.02537485582468,4.09320735444331,1.41087316538003
"Triaenophorus stizostedionis",3,2,3,3,3,2,1,1,0,0,5.33333333333333,0.888888888888889,5.33333333333333,0.888888888888889
"Trichosomoides crassicauda",3,7,8,1,1,4,31,25,0,0,1.66666666666667,0.222222222222222,2.77777777777778,1.67283950617284
"Trichospirura leptostoma",8,4,9,2,2,3,8,7,1,1,3.57142857142857,2.53061224489796,3.35714285714286,2.58673469387755
"Trichostrongylus axei",9,41,44,1,1,8,406,293,0,1,3.55555555555556,0.746913580246914,3.104532839963,0.752255124037171
"Trichostrongylus colubriformis",4,44,44,1,1,8,927,595,0,1,3,1,3.22109158186864,0.812358105396295
"Trichostrongylus retortaeformis",2,28,28,1,1,6,51,32,0,0,2,0,3.35960591133005,0.846053046664563
"Trichostrongylus rugatus",1,5,5,1,1,3,16,15,0,0,1,NA,2.8,0.96
"Trichostrongylus sigmodontis",5,2,5,1,1,3,0,0,0,0,2.7,0.21,2.7,0.21
"Trichostrongylus skrjabini",2,5,5,1,1,1,1,1,0,0,2,2,3.5,0.85
"Trichostrongylus tenuis",2,21,21,1,1,3,68,43,0,0,1,0,2.93809523809524,1.00092970521542
"Trichostrongylus vitrinus",4,28,28,1,1,6,103,76,0,0,3,1,2.80049261083744,0.647388919896139
"Trichuris discolor",1,9,9,1,1,2,30,20,0,0,1,NA,2.61111111111111,0.737654320987654
"Trichuris muris",3,35,35,1,1,7,358,197,0,1,1.66666666666667,0.222222222222222,2.61587301587302,0.506414714033762
"Trichuris ovis",4,19,19,1,1,8,84,64,0,1,2,0,2.53801169590643,0.353818268869054
"Trichuris skrjabini",2,8,8,1,1,4,13,7,0,0,2,0,2.64285714285714,0.372448979591837
"Trichuris suis",2,3,3,1,1,8,310,109,0,0,4,0,4,0
"Trichuris trichiura",5,23,24,1,1,8,3784,1171,0,0,3.2,0.56,3.21333333333333,2.41448888888889
"Trichuris vulpis",2,8,8,1,1,5,246,96,0,0,4,0,2.35714285714286,1.01530612244898
"Trilobostrongylus bioccai",9,1,9,3,2,2,0,0,0,0,4.94444444444444,1.55246913580247,4.94444444444444,1.55246913580247
"Triodontolepis bifurca",3,7,9,2,2,2,0,0,0,0,4.33333333333333,5.55555555555555,3.22222222222222,5.06172839506173
"Triodontolepis hamanni",3,4,5,2,2,2,0,0,0,0,4.33333333333333,5.55555555555555,4,6
"Triodontolepis kurashvilii",2,NA,2,2,2,1,0,0,0,0,6,0,6,0
"Triodontolepis sumavensis",2,NA,2,2,2,1,0,0,0,0,6,0,6,0
"Triodontophorus tenuicollis",5,3,6,1,1,3,2,1,0,0,1,0,1,0
"Troglostrongylus brevior",12,NA,12,3,2,3,49,31,0,0,4.36363636363636,2.80716253443526,4.36363636363636,2.80716253443526
"Truttaedacnitis pybusae",1,1,1,1,1,2,0,0,0,0,1,NA,1,NA
"Truttaedacnitis truttae",4,9,11,2,1,5,9,7,0,0,3.5,2.25,2.8,1.72363636363636
"Tschertkovilepis setigera",6,45,46,2,2,3,2,1,0,2,4.93333333333333,2.46222222222222,4.78646934460888,3.03262876068815
"Turgida turgida",13,8,17,2,2,7,6,6,1,1,4.36363636363636,3.4435261707989,4.08823529411765,4.22750865051903
"Umingmakstrongylus pallikuukensis",3,6,6,2,2,3,11,9,0,0,4.33333333333333,5.55555555555555,4.6,3.17333333333333
"Uncinaria stenocephala",2,18,18,1,1,4,2582,567,0,0,2,0,2.68627450980392,1.07804690503652
"Urocystis prolifer",5,5,8,2,2,5,1,1,0,0,4.2,4.96,3.69444444444444,5.43441358024691
"Valipora campylancristrota",18,21,26,3,3,8,6,6,0,0,4.23529411764706,1.77470203767782,3.96,1.71224615384615
"Valipora minuta",9,3,9,3,3,3,1,1,0,0,4,1.5,4,1.5
"Valipora mutabilis",9,8,11,3,3,7,4,4,0,0,4.03571428571429,1.60586734693878,3.91111111111111,1.94765432098765
"Vampirolepis evaginata",2,NA,2,2,2,2,0,0,0,0,6,0,6,0
"Varestrongylus alpenae",7,2,7,2,2,4,0,0,0,0,4.14285714285714,3.45578231292517,4.14285714285714,3.45578231292517
"Varestrongylus capreoli",11,8,16,2,2,4,5,4,0,1,3.47272727272727,1.55834710743802,4.125,2.459375
"Varestrongylus eleguneniensis",5,NA,5,2,2,2,6,6,0,0,4.5,3.65,4.5,3.65
"Varestrongylus pneumonicus",20,3,20,2,2,3,0,0,2,2,3.95424836601307,2.64496561151694,3.95424836601307,2.64496561151694
"Varestrongylus sagittatus",19,18,22,2,2,5,11,9,2,2,3.70588235294118,1.89878892733564,4.07894736842105,2.27271468144044
"Variolepis farciminosa",15,16,29,2,2,12,0,0,2,2,4.45054945054945,2.81898321458761,4.05555555555556,2.44929453262787
"Vaucherilepis trichophorus",2,2,2,2,2,1,1,1,0,0,6,0,6,0
"Vigisolepis spinulosa",4,7,7,2,2,4,1,1,0,0,3.5,6.25,2.85714285714286,4.12244897959184
"Vigisospirura potekhina",12,1,12,2,2,3,0,0,0,0,3.77272727272727,3.59986225895317,3.77272727272727,3.59986225895317
"Wardium fryei",10,6,10,2,2,3,0,0,0,0,3.06666666666667,4.90666666666667,3.06666666666667,4.90666666666667
"Wardium fusa",5,8,8,2,2,2,0,0,0,0,3.5,4.25,3.64285714285714,2.80102040816327
"Wardium manubriatum",2,NA,2,2,2,1,0,0,0,0,6,0,6,0
"Wardium paraporale",2,4,5,2,2,1,0,0,0,0,6,0,3.3,5.01
"Wardium stellorae",5,2,5,2,2,6,0,0,0,0,4.2,4.96,4.2,4.96
