"Parasite.species","hosts_missing_tax_lcdb","hosts_missing_tax_comb","hsi_lcdb","var.hsi_lcdb","hsi_comb","var.hsi_comb"
"Abbreviata antarctica",0,0,3.59340659340659,2.30720927424224,3.15079365079365,1.67302847064752
"Abbreviata caucasica",1,1,3.8,3.56,3.8,3.56
"Abbreviata kazachstanica",6,8,3.91699604743083,2.0523988814073,3.91699604743083,2.0523988814073
"Abbreviata turkomanica",1,2,1.66666666666667,0.222222222222222,1.66666666666667,0.222222222222222
"Acanthobothrium brevissime",1,1,6,0,3.95238095238095,2.61678004535147
"Acanthobothrium olseni",0,0,5.33333333333333,0.888888888888889,5.33333333333333,0.888888888888889
"Acanthocephalus anguillae",0,0,3.39285714285714,2.95280612244898,3.52631578947368,1.07386888273315
"Acanthocephalus anthuris",0,2,3.73333333333333,3.52888888888889,3.60714285714286,2.95280612244898
"Acanthocephalus clavula",0,0,4.90476190476191,2.08616780045351,4.16600790513834,1.52975362839601
"Acanthocephalus dirus",0,0,4.47272727272727,3.30380165289256,4.17342657342657,1.12330317700947
"Acanthocephalus galaxii",0,0,4.5,2.25,4.5,2.25
"Acanthocephalus lucii",0,1,4.35714285714286,1.08673469387755,4.15737704918033,1.35993191794321
"Acanthocephalus ranae",1,1,3.73333333333333,2.06222222222222,4.15217391304348,1.48408947700063
"Acanthocephalus rhinensis",0,0,6,0,6,0
"Acanthocephalus sp.",0,1,4.6,1.64,4.46096096096096,0.587815292770248
"Acanthocephalus tumescens",0,1,4.10714285714286,2.16709183673469,3.8974358974359,1.57922419460881
"Acanthocirrus retrirostris",0,0,3.83333333333333,4.80555555555556,3.83333333333333,4.80555555555556
"Acanthogyrus (Acanthosentis) lizae",0,0,6,0,6,0
"Acanthosentis dattai",0,0,4.66666666666667,3.55555555555556,3.83333333333333,4.80555555555556
"Acuaria anthuris",0,4,3.13333333333333,4.24888888888889,3.60344827586207,2.2590028877187
"Acuaria depressa",0,0,4,5.42857142857143,4,5.42857142857143
"Acuaria gruveli",0,0,4.33333333333333,5.55555555555555,2.875,2.209375
"Acuaria hamulosa",1,1,4.14624505928854,1.55568748144792,4.50604838709677,2.01609244927159
"Acuaria subula",0,0,3.26666666666667,1.21222222222222,3.26666666666667,1.21222222222222
"Aelurostrongylus abstrusus",4,5,4.41666666666667,2.22305555555556,4.62758620689655,2.21533095521205
"Aelurostrongylus falciformis",1,1,3.76190476190476,2.18140589569161,3.76190476190476,2.18140589569161
"Aelurostrongylus pridhami",1,1,4.97894736842105,1.47324099722992,4.81884057971014,1.85123923545474
"Allodapa suctoria",3,3,4.57516339869281,1.85219360075185,4.57516339869281,1.85219360075185
"Amidostomum acutum",0,1,2,2,2.53276353276353,1.20619150818581
"Amidostomum anseris",0,4,2,0,2.37076648841355,0.828664118377865
"Amidostomum fulicae",0,0,3,2,3.15555555555556,1.10913580246914
"Amirthalingamia macracantha",0,0,4,2,3.86666666666667,2.11555555555556
"Amoebotaenia cuneata",1,1,4.83333333333333,3.47222222222222,4.46969696969697,3.37029384756657
"Amphilina foliacea",1,1,4.12121212121212,3.65197428833792,4.02105263157895,4.54692520775623
"Amplicaecum robertsi",1,1,4.57051282051282,0.914258711374096,4.60960960960961,0.814562310057806
"Ancyracanthopsis winegardi",1,1,3.47619047619048,2.82086167800454,3.30555555555556,2.37885802469136
"Andersonstrongylus captivensis",0,0,1,NA,1,NA
"Angiostrongylus andersoni",0,0,4.4,1.44,4.4,1.44
"Angiostrongylus cantonensis",0,14,4.7145390070922,2.78376024847845,4.81498127340824,2.0743823030201
"Angiostrongylus costaricensis",0,0,4.74242424242424,2.19123048668503,4.62253193960511,2.36274434421796
"Angiostrongylus dujardini",0,0,4.17777777777778,2.27950617283951,4.38181818181818,2.41785123966942
"Angiostrongylus mackerrasae",1,1,4.53333333333333,3.98222222222222,4.23809523809524,4.84807256235828
"Angiostrongylus malaysiensis",2,2,4,5.35714285714286,4.34848484848485,4.19674012855831
"Angiostrongylus schmidti",0,0,3.94444444444444,2.8858024691358,3.94444444444444,2.8858024691358
"Angiostrongylus siamensis",0,0,3.17857142857143,2.8609693877551,2.88888888888889,2.67654320987654
"Angiostrongylus vasorum",1,2,4.7,2.41,4.69005847953216,2.4010122772819
"Anguillicola crassus",0,0,4.59139784946237,2.19433460515667,4.70881749829118,2.03141234058239
"Anguillicola globiceps",0,0,3.0952380952381,3.41950113378685,4.05555555555556,4.05246913580247
"Anguillicola novaezelandiae",0,0,3.5,6.25,3,6
"Anguillicola papernai",0,0,4.5,4.58333333333333,4.5,4.58333333333333
"Anisakis berlandi",0,0,4.00833333333333,0.841597222222222,4.12820512820513,0.547666009204471
"Anisakis brevispiculata",0,0,3.89285714285714,1.45280612244898,4.23809523809524,0.276643990929705
"Anisakis nascettii",0,0,4.11428571428571,2.72979591836735,4.21212121212121,2.74288337924702
"Anisakis paggiae",0,0,4.05454545454545,1.36066115702479,4.32142857142857,0.646683673469388
"Anisakis pegreffii",0,0,4.10723486474882,0.537985441188915,4.23691838291381,0.573770518891664
"Anisakis physeteris",0,0,4.57931034482759,1.67359492667459,4.73227752639517,1.15984805570912
"Anisakis simplex",2,9,4.68665028665029,1.09607895141065,4.58950975337286,0.815439065321216
"Anisakis typica",0,0,4.04281567489115,1.19192588910118,4.12390572390572,1.19676858370461
"Anisakis ziphidarum",0,0,4.00833333333333,1.92493055555556,4.03296703296703,1.85605603188021
"Anomotaenia brevis",0,0,4.33333333333333,5.55555555555555,4.5,3.25
"Anomotaenia clavigera",0,0,3.8,3.56,3.17857142857143,2.8609693877551
"Anomotaenia constricta",1,1,3.15555555555556,2.5758024691358,3.10606060606061,2.18572084481175
"Anomotaenia pyriformis",1,1,4.8,2.56,4.8,2.56
"Anomotaenia tringae",0,1,4.33333333333333,5.55555555555555,3.86666666666667,5.31555555555556
"Anoplocephala magna",1,1,4.33333333333333,5.55555555555555,3.72222222222222,4.36728395061728
"Anoplocephala manubriata",0,0,4.19047619047619,3.29705215419501,4.32142857142857,3.57525510204082
"Anoplocephala perfoliata",0,0,6,0,3.64444444444444,4.4958024691358
"Anoplotaenia dasyuri",0,0,3.66666666666667,0.412698412698413,3.46153846153846,0.644125105663567
"Anthobothrium sp. 1",0,0,4.13333333333333,1.71555555555556,4.13333333333333,1.71555555555556
"Anthobothrium sp. 2",0,0,3.66666666666667,3.55555555555556,3.66666666666667,3.55555555555556
"Aonchotheca bovis",0,0,2.6,0.24,2.47272727272727,0.394710743801653
"Aonchotheca bursata",0,0,3.97222222222222,4.13811728395062,4.25714285714286,3.5243537414966
"Aonchotheca caudinflata",0,0,2.83333333333333,2.91666666666667,4.13939393939394,2.10178145087236
"Aonchotheca erinacei",0,0,4.66666666666667,3.55555555555556,4.13333333333333,4.38222222222222
"Aonchotheca putorii",0,0,2.36363636363636,0.413223140495868,2.31578947368421,0.508464142813173
"Aplectana courdurieri",0,0,0,0,1,NA
"Aplectana macintoshii",1,2,3.17368421052632,1.00667590027701,3.27272727272727,1.16277398490837
"Aploparaksis australis",0,1,4.36363636363636,3.56473829201102,4.2967032967033,3.50537374713199
"Aploparaksis birulai",0,0,4,4,4.8,3.36
"Aploparaksis brachyphallos",0,0,3.63636363636364,2.62534435261708,2.995670995671,2.16015441989468
"Aploparaksis crassirostris",0,1,4.14285714285714,3.45578231292517,3.54285714285714,2.71482993197279
"Aploparaksis demshini",0,0,4.1,3.29,4.1,3.29
"Aploparaksis filum",1,3,2.93333333333333,4.86222222222222,3.15679442508711,2.95218670454499
"Aploparaksis furcigera",0,1,2.42857142857143,5.10204081632653,3.04356060606061,2.799238837236
"Aploparaksis kornyushini",0,0,6,0,6,0
"Aploparaksis orientalis",0,0,4.33333333333333,5.55555555555555,4.4,3.70666666666667
"Aploparaksis penetrans",0,0,4.4,3.84,4.03571428571429,4.5344387755102
"Aploparaksis pseudofilum",1,2,4.42222222222222,3.44395061728395,4.3047619047619,3.73569160997732
"Aploparaksis rissae",0,0,4.71428571428571,2.63265306122449,4.29487179487179,3.48997370151216
"Aploparaksis sinensis",1,2,3.6,3.84,3.26666666666667,3.79555555555556
"Aporhynchus norvegicus",0,1,5.66666666666667,0.222222222222222,5.66666666666667,0.222222222222222
"Aprostatandrya cricetuli",0,0,5,2,5,2
"Archigetes iowensis",0,0,6,0,6,0
"Archigetes limnodrili",0,0,3.5,6.25,4.35714285714286,4.30102040816327
"Archigetes sieboldi",0,0,3.33333333333333,3.55555555555556,3.94117647058824,4.35601691657055
"Arhythmorhynchus frassoni",0,0,5.33333333333333,0.888888888888889,4.5,2.25
"Ascaridia columbae",0,1,3.14285714285714,1.19387755102041,3.44852941176471,1.30617430795848
"Ascaridia compar",0,0,2,0,2.37891737891738,0.617105380638144
"Ascaridia dissimilis",0,0,1,NA,2,0
"Ascaridia galli",0,0,2.66666666666667,0.222222222222222,3.86504723346829,2.23010084122379
"Ascaridia numidae",0,0,3,0,2.66666666666667,0.222222222222222
"Ascaris lumbricoides",0,0,4,0,4.26461538461538,0.87767100591716
"Ascaris suum",0,0,4,0,4.28888888888889,1.31654320987654
"Ascarophis arctica",0,0,4.21978021978022,1.51213621543292,4.3741935483871,1.65782865071106
"Ascarophis filiformis",1,1,4.26666666666667,3.66222222222222,4.24444444444444,2.27358024691358
"Ascarophis marina",0,0,5.16666666666667,1.47222222222222,5,1.2
"Ascarophis morrhuae",1,1,4.82222222222222,1.87950617283951,4.72380952380952,1.68562358276644
"Ascarophis pacificus",1,1,4.62637362637363,2.10216157468905,4.62637362637363,2.10216157468905
"Ascarophis sp. A",0,0,1,NA,1,NA
"Ascarophis sp. B",0,0,1,NA,1,NA
"Ascarophis sp. C",0,0,1,0,1,0
"Ascarophis sp. D",0,0,3,0,3,0
"Ascarophis sp. E",0,0,3,0,3,0
"Ascarophis sp. F",1,1,NA,NA,NA,NA
"Ascarops strongylina",3,5,4.00580720092915,3.69683038791563,4.6349494949495,2.71017247219671
"Aspersentis megarhynchus",0,2,4.33333333333333,3.42222222222222,4.11396011396011,3.26906437447748
"Aspiculuris tetraptera",0,1,2,0,2.54461538461538,0.34647100591716
"Atactorhynchus verecundus",0,0,6,0,5.33333333333333,0.888888888888889
"Atractolytocestus sagittatus",0,0,4.33333333333333,5.55555555555555,4.33333333333333,5.55555555555555
"Atriotaenia procyonis",0,0,6,0,6,0
"Austramphilina elongata",0,0,4.33333333333333,2.88888888888889,4.33333333333333,2.88888888888889
"Avioserpens galliardi",0,0,3.11111111111111,3.26543209876543,3.39393939393939,2.45087235996327
"Avioserpens mosgovoyi",1,1,4.96969696969697,1.39302112029385,4.91176470588235,1.88927335640138
"Avioserpens taiwana",0,0,4.13333333333333,3.98222222222222,4.13333333333333,3.98222222222222
"Avitellina arctica",0,0,4.66666666666667,3.88888888888889,4.66666666666667,3.88888888888889
"Avitellina centripunctata",1,2,2.96428571428571,3.10586734693878,3.16931216931217,2.35228577027519
"Avitellina lahorea",0,0,4.5,4.58333333333333,4.06666666666667,4.32888888888889
"Baruscapillaria obsignata",0,1,3.69444444444444,0.545524691358025,3.65452091767881,0.625583474933571
"Batrachocamallanus slomei",0,0,4.66666666666667,3.55555555555556,4.5,4.58333333333333
"Baylisascaris columnaris",0,0,3.1,0.69,3.39285714285714,0.667091836734694
"Baylisascaris devosi",0,0,3,1,2.72527472527473,1.18826228716339
"Baylisascaris laevis",0,0,1.93333333333333,0.0622222222222222,1.83333333333333,0.138888888888889
"Baylisascaris potosis",0,0,4,0,4,0
"Baylisascaris procyonis",0,0,3.78205128205128,0.657626561472715,4.34875115633672,0.602701955653149
"Baylisascaris schroederi",0,0,4,0,4,0
"Baylisascaris tasmaniensis",0,0,3.3,1.21,3.33333333333333,0.984126984126984
"Baylisascaris transfuga",0,1,3.33333333333333,2.6031746031746,3.10714285714286,2.80994897959184
"Bertiella mucronata",1,1,4.5,2.25,4.1,2.49
"Bertiella studeri",0,0,3.96428571428571,3.39158163265306,2.90909090909091,2.43762298307753
"Biacetabulum biloculoides",0,0,6,0,4.66666666666667,3.55555555555556
"Biacetabulum infrequens",1,1,4.14285714285714,4.69387755102041,4.14285714285714,4.69387755102041
"Biacetabulum macrocephalum",0,0,4.66666666666667,3.55555555555556,4.66666666666667,3.55555555555556
"Blatticola blattae",0,4,1,NA,2.5,0.25
"Bolbosoma balaenae",0,0,3.17857142857143,3.21811224489796,3.22222222222222,2.39506172839506
"Bolbosoma nipponicum",1,1,4.35,1.94416666666667,4.28947368421053,1.74252077562327
"Bolbosoma vasculosum",0,0,5,0,4.11336032388664,0.831953755456845
"Bothridium pythonis",0,0,4.33333333333333,2.62222222222222,4.33333333333333,2.62222222222222
"Bothrimonus fallax",0,0,6,0,2.46428571428571,4.32015306122449
"Bothriocephalus acheilognathi",1,1,4.12179487179487,2.65567882971729,3.85128468653649,1.69761654074186
"Bothriocephalus barbatus",1,1,4.33333333333333,5.55555555555555,4.16666666666667,3.80555555555556
"Bothriocephalus claviceps",0,0,3.73333333333333,4.59555555555556,4.43440860215054,2.12526766100127
"Bothriocephalus cuspidatus",0,0,4.62857142857143,2.21442176870748,4.26031746031746,1.44652053413958
"Bothriocephalus gregarius",1,2,4.6,3.84,4.57142857142857,3.29251700680272
"Bothriocephalus opsariichthydis",0,0,4.66666666666667,3.55555555555556,3.83004926108374,3.67308718969157
"Bothriocephalus rarus",1,1,4.13888888888889,3.78626543209877,3.49166666666667,3.38326388888889
"Bothriocephalus scorpii",0,0,4.13333333333333,1.9631746031746,3.85998193315266,0.634715928610656
"Branchiopodataenia anaticapicirra",0,0,4.73333333333333,2.99555555555556,4.73333333333333,2.99555555555556
"Branchiopodataenia arctowskii",0,0,4.11111111111111,4.76543209876543,4.11111111111111,4.76543209876543
"Branchiopodataenia gvozdevi",0,0,3.5,6.25,3.5,6.25
"Branchiopodataenia haldemani",0,0,4.52380952380952,3.39229024943311,4.52380952380952,3.39229024943311
"Branchiopodataenia pacifica",0,0,4.28571428571429,4.77551020408163,4.28571428571429,4.77551020408163
"Brevimulticaecum tenuicolle",2,2,4.66666666666667,0.222222222222222,4.66666666666667,0.222222222222222
"Caballerorhynchus lamothei",0,0,6,0,4.13888888888889,1.45293209876543
"Calliobothrium verticillatum",0,0,6,0,4.09523809523809,4.18140589569161
"Callotetrarhynchus nipponica",0,0,4.5,0.583333333333333,4.5,0.583333333333333
"Camallanus anabantis",0,0,4.08333333333333,1.46527777777778,4.01818181818182,1.32694214876033
"Camallanus corderoi",1,1,5.33333333333333,0.888888888888889,3.95604395604396,1.3607052288371
"Camallanus cotti",0,0,4.15584415584416,1.00601562939225,4.02852852852853,0.919606543480417
"Camallanus lacustris",0,0,4.53157894736842,2.27005540166205,4.29861111111111,1.53384727733686
"Camallanus oxycephalus",0,0,4.35897435897436,1.58908612754767,3.84495021337127,1.271834385857
"Camallanus truncatus",0,0,4.13333333333333,3.98222222222222,4.2,1.48873563218391
"Camallanus xenentodoni",0,0,5,2.33333333333333,5,2.33333333333333
"Capillaria anatis",0,4,2.84615384615385,2.36094674556213,3.09439775910364,1.30789578576529
"Capillaria gracilis",1,1,4.14285714285714,1.83673469387755,3.6551724137931,0.878795085216013
"Capillaria oesophagealis",0,0,4.33333333333333,5.55555555555555,4.33333333333333,5.55555555555555
"Capillaria phasianina",0,1,4.66666666666667,3.55555555555556,3.09090909090909,2.23415977961432
"Capillaria pterophylli",0,0,2,0,2.97777777777778,1.13283950617284
"Capillospirura pseudoargumentosa",0,0,4.33333333333333,5.55555555555555,4.33333333333333,5.55555555555555
"Caryophyllaeus laticeps",1,1,2,0,3.05632653061224,2.19845997501041
"Catenotaenia pusilla",0,1,3.19444444444444,2.71219135802469,2.71861471861472,1.53554093813834
"Centrorhynchus aluconis",0,0,4.36363636363636,1.07988980716253,4.28070175438596,1.10249307479224
"Centrorhynchus milvus",1,1,5.2,0.76,5.13333333333333,0.648888888888889
"Cephalochlamys namaquensis",0,0,4.33333333333333,5.55555555555555,4.85714285714286,3.26530612244898
"Chabertia ovina",0,0,2,0,2.53216374269006,0.365924557983653
"Cheilospirura spinosa",0,0,4.5,3.65,4.14285714285714,3.36054421768707
"Choanotaenia infundibulum",1,1,4.46323529411765,2.11629541522491,4.51269841269841,2.43396573444192
"Cittotaenia citelli",0,0,4.83333333333333,2.80555555555556,4.83333333333333,2.80555555555556
"Cittotaenia denticulata",0,0,4.2,2.16,4.53333333333333,2.51555555555556
"Cladotaenia circi",0,0,4,1.35714285714286,4.04329004329004,1.39206536609134
"Cladotaenia globifera",0,2,3.90927419354839,1.48168818288241,4.02222222222222,1.47896745230079
"Clavinema fujimotoi",0,0,3.6,3.84,3.6,3.84
"Clistobothrium carcharodoni",0,0,3.02777777777778,1.30478395061728,3.02777777777778,1.30478395061728
"Clistobothrium cf. montaukensis",0,0,4.66666666666667,3.55555555555556,4.66666666666667,3.55555555555556
"Cloacotaenia megalops",0,6,2.81318681318681,3.80026566839754,2.74782608695652,2.34676028445405
"Comephoronema oschmarini",0,0,5,2,5,2
"Confluaria furcifera",0,0,3.88888888888889,4.65432098765432,3.77777777777778,4.48395061728395
"Confluaria podicipina",0,0,3.57142857142857,5.48299319727891,3.53030303030303,3.64302112029385
"Contracaecum microcephalum",1,1,5,1.6,3.92942176870748,1.79348810102272
"Contracaecum micropapillatum",1,1,4.74761904761905,2.67439909297052,4.90730837789661,1.9664528264717
"Contracaecum multipapillatum",0,0,4.30409356725146,1.49817037721008,4.25512820512821,1.23619165023011
"Contracaecum ogmorhini s.s.",0,0,3.72222222222222,2.75617283950617,3.67857142857143,2.64668367346939
"Contracaecum osculatum [A-C]",2,2,4.63107822410148,1.4252075055089,4.74898785425101,1.24873379337475
"Contracaecum osculatum [D, E]",0,0,2.74736842105263,1.12565096952909,2.74264705882353,1.22053416955017
"Contracaecum osculatum baicalensis",0,0,4.83333333333333,3.13888888888889,4.83333333333333,3.13888888888889
"Contracaecum pelagicum",0,0,4.1,1.29,3.86666666666667,1.44888888888889
"Contracaecum rudolphii",4,4,4.87948717948718,1.53163050624589,4.75675675675676,1.19629366500896
"Cooperia curticei",0,0,2,0,2.50833333333333,0.583263888888889
"Cooperia fuelleborni",0,0,2,0,1.96363636363636,0.0350413223140496
"Cooperia oncophora",0,0,1,NA,2.67619047619048,0.333242630385488
"Cooperia pectinata",0,0,2,0,2.5047619047619,0.278548752834467
"Cooperia punctata",0,0,2,0,2.50197628458498,0.297426924338765
"Corallobothrium fimbriatum",0,0,4.35714285714286,3.65816326530612,3.54945054945055,3.96184035744475
"Corallobothrium parafimbriatum",0,0,3.33333333333333,3.55555555555556,3.85714285714286,4.21768707482993
"Corallotaenia minutia",0,0,3.26666666666667,3.79555555555556,3.26666666666667,3.79555555555556
"Coronacanthus integer",0,0,4.13333333333333,5.31555555555556,4.13333333333333,5.31555555555556
"Coronacanthus omissa",0,0,4.2,4.96,4,5.42857142857143
"Coronacanthus vassilevi",0,0,6,0,3.5,6.25
"Corynosoma australe",0,0,4.10714285714286,0.524234693877551,4.41176470588235,0.601878398418191
"Corynosoma bullosum",2,4,4.37777777777778,2.19061728395062,3.78538390379278,1.74487425132278
"Corynosoma cetaceum",0,0,4.13888888888889,1.17515432098765,4.18181818181818,1.05785123966942
"Corynosoma hamanni",1,2,4.7,2.81,4.16957026713124,2.21514836352943
"Corynosoma magdaleni",0,0,4.61904761904762,1.85487528344671,4.53333333333333,1.53777777777778
"Corynosoma pseudohamanni",1,3,4.19047619047619,3.29705215419501,3.95045045045045,1.81886616346076
"Corynosoma semerme",0,2,4.53030303030303,1.27938475665748,4.44739756367663,0.727853138731606
"Corynosoma strumosum",0,2,4.32051282051282,1.85880999342538,4.4141677531508,0.563652671844394
"Cosmocephalus obvelatus",0,2,4.85,1.79416666666667,4.46212121212121,1.01188808144137
"Crenosoma mephitidis",1,1,4.84761904761905,2.01487528344671,4.84761904761905,2.01487528344671
"Crenosoma petrowi",0,0,3.55555555555556,3.1358024691358,3.09090909090909,3.14325068870523
"Crenosoma striatum",1,2,3.57309941520468,1.28559214801135,4.08658008658009,2.18298007908398
"Crenosoma vulpis",1,1,4.2578947368421,3.00191135734072,4.43290043290043,2.71303011562752
"Ctenotaenia marmotae",0,0,4.33333333333333,5.55555555555555,4.2,4.96
"Cucullanus chabaudi",0,0,1,NA,1,NA
"Cucullanus cirratus",0,2,4.13333333333333,2.63222222222222,4.01136363636364,2.12865874655647
"Cucullanus heterochrous",0,0,4.46969696969697,3.03696051423324,3.95172413793103,2.26663495838288
"Cyathocephalus truncatus",0,2,4.20833333333333,4.06493055555556,3.97615979381443,2.59973233185425
"Cyathostoma bronchialis",4,4,3.83333333333333,4.80555555555556,4.15151515151515,4.18916437098255
"Cyathostoma lari",2,2,4.43589743589744,2.01512163050625,4.41666666666667,1.59305555555556
"Cyathostomum catinatum",0,0,1,0,1,0
"Cyclodontostomum purvisi",1,1,2,0,2.13970588235294,0.767246972318339
"Cyclustera capito",0,0,3.42857142857143,1.38775510204082,3.41666666666667,1.1875
"Cyclustera ibisae",0,1,3.53333333333333,1.44888888888889,3.80769230769231,1.00147928994083
"Cyclustera ralli",0,0,5,0,3.76190476190476,1.13378684807256
"Cylicocyclus nassatus",0,0,1,0,1,0
"Cylicostephanus longibursatus",0,0,1,0,1,0
"Cyrnea colini",0,0,4.4,3.30666666666667,3.85714285714286,3.83673469387755
"Cyrnea eurycerca",0,1,6,0,2.5,2.58333333333333
"Cyrnea mansioni",0,0,5,2,5,2
"Cystidicola cristivomeri",0,0,2.9,6.49,3.5,6.25
"Cystidicola farionis",0,0,3.4,3.91368421052632,3.63207547169811,2.77246898704713
"Cystidicoloides tenuissima",2,2,4.45454545454545,3.19338842975207,4.17011494252874,2.36646320517902
"Cystocaulus ocreatus",1,1,3.19088319088319,1.57325021712486,3.18393234672304,1.98731054087758
"Cystoopsis acipenseri",0,0,4.2,4.96,4.2,4.96
"Cystoopsis atractostei",0,0,1,NA,1,NA
"Davainea proglottina",3,4,3.24444444444444,2.45135802469136,4.50326797385621,2.96894356871289
"Davainea tetraoensis",0,0,4.7,2.61,4.6,3.04
"Dentitruncus truttae",0,0,4.2,5.16,4.66666666666667,3.55555555555556
"Desportesius brevicaudatus",0,0,4.53333333333333,1.58222222222222,4.40909090909091,1.7568870523416
"Desportesius invaginatus",1,1,4.76190476190476,1.89569160997732,3.81699346405229,2.2802340979965
"Dicheilonema rheae",0,0,2.83333333333333,2.06196581196581,3.82213438735178,3.15018200565545
"Dichelyne bullocki",0,0,1,NA,1,NA
"Dichelyne cotylophora",0,0,3.33333333333333,0.888888888888889,3.66666666666667,0.555555555555556
"Dichelyne minutus",0,0,4.66666666666667,2.22222222222222,3.59090909090909,2.09022038567493
"Dichoanotaenia gallinagilis",0,0,6,0,3.83333333333333,4.80555555555556
"Dicranotaenia coronula",0,3,4.76,3.16701538461538,4.64823348694316,3.20088909653351
"Dictyocaulus arnfieldi",0,0,1,0,1,0
"Dictyocaulus eckerti",0,0,2.5,0.25,2.21212121212121,0.348943985307622
"Dictyocaulus filaria",0,0,2,0,2.98333333333333,0.749722222222222
"Dictyocaulus viviparus",0,0,3,0,2.46461538461538,0.304132544378698
"Didelphostrongylus hayesi",0,0,4.5,4.58333333333333,4.5,4.58333333333333
"Dilepis undula",1,2,3.95588235294118,2.63040657439446,4.14705882352941,1.62015349126076
"Dinobothrium sp.",0,0,6,0,4.76190476190476,2.75283446712018
"Dioctophyma renale",4,4,4.42450142450142,1.1559808767786,4.44307692307692,1.09599053254438
"Dioecotaenia cancellata",1,1,5.66666666666667,0.222222222222222,5.66666666666667,0.222222222222222
"Diorchis asiatica",0,0,4.14285714285714,4.90816326530612,4.02222222222222,4.6883950617284
"Diorchis brevis",0,0,6,0,4.53333333333333,3.13777777777778
"Diorchis bulbodes",0,0,3.3,5.01,2.64285714285714,3.94387755102041
"Diorchis danutae",1,2,4.10714285714286,4.30994897959184,4.72727272727273,2.99834710743802
"Diorchis inflata",0,3,5.23076923076923,2.12623274161736,4.82020095187731,2.70907896543537
"Diorchis nyrocae",0,0,4.83660130718954,3.15630740313555,4.66153846153846,3.51621301775148
"Diorchis parvogenitalis",0,2,3.06666666666667,4.46222222222222,3.45789473684211,4.35349030470914
"Diorchis ransomi",0,1,5.12380952380952,2.14657596371882,4.9234693877551,2.14550360960711
"Diphyllobothrium dendriticum",0,0,4.31578947368421,3.18903945496743,4.63665053650326,1.65106153514436
"Diphyllobothrium ditremum",0,1,3.4640522875817,2.2879234482464,4.06168359941945,1.7501864252898
"Diphyllobothrium latum",1,1,4.7512315270936,2.41348370501589,4.87628563032618,1.4842539671958
"Diphyllobothrium nihonkaiense",0,0,3.89285714285714,4.09566326530612,4.12121212121212,2.43985307621671
"Diplocotyle olrikii",3,5,4.54131054131054,2.31097150185469,4.19016393442623,1.80318194033862
"Diplogonoporus balaenopterae",0,0,4.86666666666667,1.40444444444444,4.46153846153846,2.19723865877712
"Diploposthe laevis",0,2,4.97142857142857,3.17061224489796,4.8395390070922,2.84570617046426
"Diploposthe skrjabini",0,1,4.28571428571429,2.87074829931973,4.63888888888889,3.1195987654321
"Diplopylidium acanthotetra",0,0,3.59420289855072,1.25561856752783,3.71572580645161,1.32443011836629
"Diplopylidium nölleri",0,0,3.46666666666667,1.39888888888889,3.46666666666667,1.39888888888889
"Diplotriaena agelaius",0,0,6,0,3.27777777777778,2.36728395061728
"Diplotriaena bargusinica",0,1,3.83333333333333,4.80555555555556,4.15555555555556,3.19802469135802
"Diplotriaena sokolowi",0,0,6,0,6,0
"Diplotriaena tricuspis",0,2,4.66666666666667,3.55555555555556,3.32034632034632,1.9233522610146
"Diplotriaena tridens",0,0,6,0,5,2
"Dipylidium caninum",2,2,4.33333333333333,3.82222222222222,3.97835497835498,2.77442326792976
"Dispharynx nasuta",0,2,4.75,2.25892857142857,4.09903026741111,1.09950831615705
"Dollfusentis chandleri",1,2,4.61818181818182,1.43603305785124,4.06854838709677,0.995301118626431
"Dracunculus doi",0,0,5,2,5,2
"Dracunculus globocephalus",0,0,6,0,6,0
"Dracunculus insignis",2,2,4.61111111111111,2.01543209876543,4.60606060606061,2.33398924308015
"Dracunculus medinensis",0,0,4.47222222222222,3.30478395061728,3.79233870967742,4.30566711108221
"Dracunculus oesophagea",0,0,6,0,6,0
"Dracunculus ophidensis",0,0,4.66666666666667,3.55555555555556,3.83333333333333,4.80555555555556
"Drepanidotaenia bisacculina",0,0,6,0,6,0
"Drepanidotaenia lanceolata",1,2,3.36263736263736,4.03332930805458,4.48984034833091,3.05250926333573
"Duplicibothrium minutum",0,0,4.8,1.56,4.86666666666667,2.38222222222222
"Echinobothrium affine",0,0,4,4.8,4,4.8
"Echinobothrium benedeni",0,0,6,0,6,0
"Echinobothrium chisholmae",1,1,1,NA,1,NA
"Echinobothrium lateroporum",0,0,5.5,1.25,5.5,1.25
"Echinobothrium reesae",0,0,4.66666666666667,3.55555555555556,4.66666666666667,3.55555555555556
"Echinobothrium typus",0,0,4.52380952380952,2.53514739229025,4.52380952380952,2.53514739229025
"Echinocephalus overstreeti",1,1,4.80952380952381,1.4875283446712,4.52777777777778,1.63811728395062
"Echinocephalus pseudouncinatus",0,0,5.3,2.41,5.23809523809524,2.18140589569161
"Echinocephalus sinensis",0,1,4.33333333333333,5.55555555555555,4.77777777777778,1.89506172839506
"Echinocephalus uncinatus",0,0,5.33333333333333,1.22222222222222,4.74358974358974,1.34451019066404
"Echinococcus borealis",0,0,3,2.33333333333333,3.33333333333333,0.888888888888889
"Echinococcus canadensis",0,0,2.92857142857143,1.56632653061224,3.06666666666667,0.995555555555556
"Echinococcus equinus",0,0,4,0,3,2
"Echinococcus felidis",0,0,3.66666666666667,0.222222222222222,3.66666666666667,0.222222222222222
"Echinococcus granulosus",0,3,3.6,0.712727272727273,3.62821350762527,0.627678943521248
"Echinococcus intermedius",0,0,3.53333333333333,0.382222222222222,3.53333333333333,0.382222222222222
"Echinococcus multilocularis",0,8,3.15238095238095,1.21487528344671,3.39208410636982,0.637859416550114
"Echinococcus oligarthrus",0,0,3.41025641025641,0.882971729125575,3.3731884057971,0.915078239865574
"Echinococcus ortleppi",0,0,3.53333333333333,0.782222222222222,3.53333333333333,0.782222222222222
"Echinococcus shiquicus",0,0,3.33333333333333,0.888888888888889,3.33333333333333,0.888888888888889
"Echinococcus vogeli",0,0,3.7,0.41,3.45751633986928,0.47041736084412
"Echinocotyle clanguli",0,0,4.33333333333333,5.55555555555555,4.33333333333333,5.55555555555555
"Echinocotyle clerci",0,1,4.33333333333333,5.55555555555555,4.33333333333333,4.01709401709402
"Echinocotyle druzniensis",0,0,3.9047619047619,3.99092970521542,3.9047619047619,3.99092970521542
"Echinocotyle rosseteri",1,3,4.41025641025641,4.57527942143327,4.9009009009009,3.05324243162081
"Echinorhynchus borealis",0,1,4.91666666666667,1.24305555555556,4.65591397849462,1.98483061625621
"Echinorhynchus bothniensis",0,0,4.07142857142857,1.85204081632653,4.14736842105263,1.51512465373961
"Echinorhynchus gadi",0,0,4.59340659340659,2.68083564786861,4.14196551359357,1.02840180691394
"Echinorhynchus lageniformis",1,1,2,0,2,0
"Echinorhynchus leidyi",0,0,6,0,3.52747252747253,2.18331119430021
"Echinorhynchus salmonis",0,0,3.85770750988142,2.88884375634676,4.0328317373461,1.42163069535389
"Echinorhynchus sp.",0,3,6,0,4.07013442431327,0.905659771526831
"Echinorhynchus truttae",0,0,4.4,3.84,4.18840579710145,1.95001050199538
"Echinuria uncinata",0,3,4.64912280701754,2.69559864573715,3.9727463312369,3.04537883083036
"Elaphostrongylus alces",0,0,4.83333333333333,2.80555555555556,4.9,2.09
"Elaphostrongylus cervi",2,2,3.70175438596491,2.27947060634041,4.52651515151515,2.44247876492195
"Elaphostrongylus rangiferi",1,1,4.7,2.61,4.50909090909091,2.83173553719008
"Enterobius vermicularis",0,0,1,NA,3.5,2.32142857142857
"Epomidiostomum uncinatum",0,3,2,2,2.276955602537,0.927523924033094
"Equinia mamillana",0,0,3.42857142857143,2.60204081632653,3.42857142857143,2.60204081632653
"Eubothrium crassum",0,1,3.94871794871795,3.35634451019066,3.57474747474747,2.09289766350372
"Eubothrium rugosum",0,0,4.13333333333333,4.38222222222222,4.60714285714286,3.16709183673469
"Eubothrium salvelini",0,0,4.16339869281046,3.96676491947542,3.54487179487179,3.33516600920447
"Eucoleus aerophilus",1,1,4.22222222222222,3.50617283950617,3.75735294117647,2.69847534602076
"Eucoleus annulatus",0,0,4.28571428571429,3.91836734693878,3.57894736842105,2.64376731301939
"Eucoleus contortus",0,3,3.68131868131868,1.71162903031035,3.63514428939168,0.679642808742961
"Eucoleus frugilegi",0,0,4.5,4.58333333333333,4.5,4.58333333333333
"Eurycestus avoceti",0,0,4.2,4.96,4.21428571428571,4.45408163265306
"Eustrongylides excisus",0,0,4.59649122807018,1.46875961834411,4.45644599303136,1.15402639342471
"Eustrongylides ignotus",0,1,4.28676470588235,1.32217776816609,4.57995337995338,0.985798599225173
"Eustrongylides tubifex",0,0,4.36842105263158,2.0104647583872,4.51111111111111,0.951463844797178
"Fessisentis fessus",0,0,5.16666666666667,2.13888888888889,5.1,1.89
"Fessisentis friedi",0,2,5.33333333333333,0.888888888888889,4.93333333333333,0.728888888888889
"Fessisentis necturorum",0,0,4.2,2.16,3.93333333333333,2.19555555555556
"Filaroides hirthi",0,0,1,NA,1,NA
"Filaroides martis",1,2,4.87912087912088,1.62275087549813,4.39130434782609,2.48456206679269
"Filicollis anatis",0,0,3.86666666666667,2.91555555555556,3.59784946236559,2.24042548271476
"Fimbriaria fasciolaris",0,8,4.65210084033613,3.63190735117576,4.59436515748031,3.04252238240805
"Fimbriarioides intermedia",0,0,4.57142857142857,2.88775510204082,4.66666666666667,3.14529914529915
"Fimbriarioides tadornae",0,0,3.5,6.25,3.5,6.25
"Flamingolepis dolguschini",1,1,5,2,5,1.6
"Flamingolepis flamingo",0,0,4.33333333333333,5.55555555555555,4,6
"Flamingolepis liguloides",0,0,4.33333333333333,5.55555555555555,3.96428571428571,5.17729591836735
"Flamingolepis tengizi",1,1,5,2,5.16666666666667,1.13888888888889
"Gallegostrongylus australis",0,0,4.29090909090909,3.80628099173554,4.29090909090909,3.80628099173554
"Gangesia parasiluri",0,0,4.66666666666667,2.22222222222222,4.04761904761905,2.61678004535147
"Gastrotaenia paracygni",0,0,6,0,4.66666666666667,3.55555555555556
"Geopetitia aspiculata",1,3,3.92982456140351,1.95998768851954,3.84,2.00516923076923
"Glaridacris catostomi",1,1,3.67857142857143,4.07525510204082,4.25,3.73161764705882
"Glaridacris confusa",0,0,4.06666666666667,4.32888888888889,4.27272727272727,3.90743801652893
"Glaridacris vogei",0,0,4.13333333333333,5.31555555555556,4.13333333333333,5.31555555555556
"Glossocercus auritus",0,0,3.67272727272727,2.6201652892562,3.67272727272727,2.6201652892562
"Glossocercus caribaensis",0,0,3.6025641025641,2.47024983563445,3.54945054945055,2.42337881898321
"Glossocercus cyprinodontis",0,0,3.2,1.89333333333333,3.2,1.89333333333333
"Gnathostoma binucleatum",1,1,4.83862433862434,1.87078329274096,4.8453781512605,1.55592401666549
"Gnathostoma doloresi",0,0,4.78421052631579,2.19027700831025,4.89173789173789,1.76035908799442
"Gnathostoma hispidum",0,0,4.92741935483871,1.71247398543184,4.93358395989975,1.15849617778783
"Gnathostoma lamothei",2,2,4.85454545454545,0.924297520661157,4.85454545454545,0.924297520661157
"Gnathostoma nipponicum",1,1,4.96536796536797,1.60053222390885,4.94581280788177,1.28277803392463
"Gnathostoma procyonis",0,0,4.72380952380952,1.57133786848073,4.84313725490196,1.20415224913495
"Gnathostoma spinigerum",1,3,4.79647218453189,0.736504967453346,4.76445136725511,0.705506803536552
"Gnathostoma turgidum",3,3,5.11111111111111,1.15432098765432,4.90909090909091,1.50082644628099
"Gnathostoma vietnamicum",1,1,1,NA,6,0
"Goezia ascaroides",0,1,4.05555555555556,1.66358024691358,4.02564102564103,1.17882971729126
"Golvanacanthus blennii",0,1,4.07142857142857,1.85204081632653,4.07142857142857,1.85204081632653
"Gongylonema brevispiculum",0,0,5.33333333333333,0.888888888888889,3.16666666666667,3.08333333333333
"Gongylonema congolense",0,0,4.4,2.04,4.26666666666667,1.92888888888889
"Gongylonema dupuisi",0,0,6,0,6,0
"Gongylonema ingluvicola",0,0,4.66666666666667,2.6984126984127,4.72222222222222,2.36728395061728
"Gongylonema mucronatum",0,1,6,0,3.83333333333333,4.80555555555556
"Gongylonema neoplasticum",0,0,4.86111111111111,1.95293209876543,3.72666666666667,3.04528888888889
"Gongylonema problematicum",0,4,4.83333333333333,3.47222222222222,4.17582417582418,4.21084410095399
"Gongylonema pulchrum",3,15,4.18371212121212,3.0363256140955,4.21251608751609,3.15673523944518
"Gongylonema soricis",0,0,4.33333333333333,5.55555555555555,3.3,5.01
"Graphidium strigosum",0,0,1.66666666666667,0.222222222222222,2.71428571428571,1.72789115646258
"Grillotia erinaceus",0,3,4.58620689655172,1.41005605571598,4.32546031746032,0.747535899218947
"Gynandrotaenia stammeri",1,1,4.33333333333333,5.55555555555555,4,6
"Gyrinicola batrachiensis",5,5,2.33333333333333,0.888888888888889,2.5,0.583333333333333
"Hadjelia truncata",0,0,4.67857142857143,2.8609693877551,4.72727272727273,1.9862258953168
"Haemonchus contortus",0,1,2.4,0.24,2.78894230769231,0.678050804363905
"Haemonchus placei",0,0,2,0,2.5,0.301282051282051
"Hammerschmidtiella diesingi",0,0,1,NA,1,NA
"Haplobothrium globuliforme",0,0,4.66666666666667,0.888888888888889,4.66666666666667,0.888888888888889
"Hartertia gallinarum",0,0,6,0,3.83333333333333,4.80555555555556
"Hartertia obesa",0,0,6,0,3.5,4.25
"Hassalstrongylus musculi",0,0,1,NA,1.8,0.96
"Hedruris androphora",0,2,4.09523809523809,1.89569160997732,4.52777777777778,1.41589506172839
"Hedruris ijimai",0,0,3.2,4.02666666666667,3.2,4.02666666666667
"Hedruris spinigera",0,0,4.57142857142857,0.816326530612245,3.98717948717949,1.52547666009204
"Hedruris suttonae",0,0,4.33333333333333,5.55555555555555,4.33333333333333,5.55555555555555
"Heligmosomoides kurilensis",0,0,2,0,1.4,0.24
"Heligmosomoides laevis",0,3,1,NA,1.96190476190476,0.5318820861678
"Heligmosomoides polygyrus",0,2,2.33333333333333,0.555555555555556,2.49621212121212,0.704531106519743
"Heligmosomum mixtum",0,0,1.66666666666667,0.222222222222222,2.22727272727273,0.599862258953168
"Hepatojarakus malayae",0,0,1,0,1,0
"Heterakis gallinarum",0,1,4.53571428571429,2.82015306122449,3.35265700483092,2.00220308525286
"Heterakis spumosa",0,0,4.4,4.04,2.98790322580645,1.8466278616025
"Hexaglandula corynosoma",0,0,4.66666666666667,3.55555555555556,4.66666666666667,3.55555555555556
"Hexametra angusticaecoides",0,0,3.76470588235294,2.92502883506344,3.76470588235294,2.92502883506344
"Hexametra boddaertii",0,0,3.13186813186813,0.7738195870064,3.08333333333333,0.743055555555556
"Hexametra quadricornis",0,0,3.52901484480432,1.42594626293753,3.3657616892911,1.28929530972384
"Hilmylepis nagatyi",0,0,2.42857142857143,5.10204081632653,2.42857142857143,5.10204081632653
"Huffmanela huffmani",0,0,3.11111111111111,4.80987654320988,2.67948717948718,4.52547666009205
"Hunterella nodulosa",0,0,4.33333333333333,5.55555555555555,4,6
"Hymenolepis abortiva",0,2,3.5,4.25,3.33333333333333,2.8
"Hymenolepis aequabilis",0,0,3.83333333333333,4.80555555555556,3.83333333333333,4.80555555555556
"Hymenolepis cantaniana",0,0,4.4,4.04,3.98333333333333,3.06638888888889
"Hymenolepis carioca",1,1,5.33333333333333,0.888888888888889,3.70909090909091,3.15173553719008
"Hymenolepis citelli",1,2,3.8562091503268,3.53487974710581,3.68840579710145,3.00435832808234
"Hymenolepis diminuta",1,6,4.45454545454545,3.30247933884297,3.66563595135024,2.47117326594312
"Hymenolepis nana",1,1,4.40659340659341,2.87863784567081,4.03753753753754,2.2853777200624
"Hymenolepis peromysci",0,0,4.26666666666667,4.59555555555556,4.26666666666667,4.59555555555556
"Hymenolepis tenerrima",0,2,6,0,4.66666666666667,3.55555555555556
"Hymenolepis vistulae",0,0,6,0,6,0
"Hyostrongylus rubidus",0,0,4,0,3.13333333333333,0.515555555555556
"Hysterothylacium aduncum",3,6,5.25294418842806,1.22429368710524,4.61057323953472,1.22493429329981
"Hysterothylacium analarum",0,0,3.66666666666667,5.88888888888889,4.66666666666667,3.55555555555556
"Hysterothylacium bidentatum",0,0,6,0,2.66666666666667,4.6031746031746
"Hysterothylacium haze",1,1,5.2,1.76,4.93333333333333,1.92888888888889
"Hystrichis tricolor",0,1,4.23809523809524,4.3718820861678,4.05714285714286,2.68244897959184
"Ibirhynchus dimorpha",0,0,5,2.33333333333333,5,2.33333333333333
"Joyeuxiella echinorhynchoides",0,0,3.71212121212121,1.26561065197429,3.40168067226891,0.969745074500388
"Joyeuxiella pasqualei",0,0,3.94285714285714,1.39673469387755,3.9963768115942,1.35143614786809
"Joyeuxilepis acanthorhyncha",0,0,4.33333333333333,4.22222222222222,4.33333333333333,4.22222222222222
"Joyeuxilepis decacantha",0,0,3.96842105263158,3.5990027700831,3.96842105263158,3.5990027700831
"Joyeuxilepis octacantha",0,0,4.66666666666667,3.55555555555556,4.66666666666667,3.55555555555556
"Khawia armeniaca",0,0,3.5,4.25,3.75,2.54464285714286
"Khawia baltica",0,0,6,0,4.66666666666667,3.55555555555556
"Khawia japonensis",0,0,4.66666666666667,3.55555555555556,4.8,2.56
"Khawia parva",0,0,3.5,6.25,3.66666666666667,6.22222222222222
"Khawia sinensis",0,1,4.33333333333333,4.22222222222222,4.13186813186813,3.74085255403937
"Labiostrongylus eugenii",0,0,1,NA,2.66666666666667,0.222222222222222
"Lacistorhynchus dollfusi",0,0,4.54545454545455,1.30853994490358,4.48351648351648,1.23873928269533
"Lacistorhynchus tenuis",0,2,5.4,1.70666666666667,4.47099930118798,0.885077897274145
"Lagochilascaris major",0,0,3.33333333333333,0.555555555555556,3.3,1.01
"Lagochilascaris minor",0,0,3.52727272727273,0.467438016528926,3.52727272727273,0.467438016528926
"Lagochilascaris sprenti",0,0,3.57142857142857,0.673469387755102,3.61111111111111,0.570987654320988
"Lateriporus clerci",0,0,3.83636363636364,1.91867768595041,3.31372549019608,1.95386389850058
"Lateriporus mathevossianae",0,0,4.33333333333333,4.55555555555556,4.66666666666667,2.22222222222222
"Lateriporus skrjabini",0,2,3,3.61111111111111,3.03809523809524,2.16045351473923
"Lateriporus teres",0,0,4.13888888888889,3.06404320987654,4.01515151515152,2.62098255280073
"Leidynema appendiculata",0,1,1,0,2.38888888888889,0.570987654320988
"Leptorhynchoides acanthidion",0,0,1.28571428571429,0.204081632653061,1.28571428571429,0.204081632653061
"Leptorhynchoides apoglyphicus",0,0,2.15384615384615,3.0276134122288,2.67857142857143,3.8609693877551
"Leptorhynchoides atlanteus",0,0,1.5,0.25,1.5,0.25
"Leptorhynchoides macrorchis",0,0,1.5,0.25,1.5,0.25
"Leptorhynchoides nebularosis",0,0,2.58333333333333,3.63194444444444,2.95238095238095,3.85487528344671
"Leptorhynchoides seminolus",0,0,1,0,1,0
"Leptorhynchoides thecatus",0,0,2.58333333333333,3.63194444444444,3.97202797202797,0.700383066816633
"Libyostrongylus douglassii",0,0,1,NA,1,NA
"Liga facile",0,0,6,0,6,0
"Ligula intestinalis",0,5,4.41411764705882,2.8653693194925,4.28511379331052,1.75165313813497
"Lineolepis scutigera",0,0,4.41818181818182,4.24330578512397,4.35164835164835,4.42579398623355
"Lueheia inscripta",0,0,4.66666666666667,1.33333333333333,4.66666666666667,1.33333333333333
"Macracanthorhynchus catulinus",0,7,4.56709956709957,1.55285695545436,4.5979797979798,1.88888480767269
"Macracanthorhynchus hirudinaceous",0,0,4.33333333333333,2.88888888888889,4.33333333333333,2.88888888888889
"Macracanthorhynchus ingens",2,2,4.86813186813187,1.8727206859075,4.68115942028986,1.55776097458517
"Mastophorus muris",0,3,4.69169960474308,1.8575200362449,4.34774774774775,2.22465708952195
"Mathevolepis skrjabini",0,0,4.33333333333333,5.55555555555555,2.51515151515152,5.28007346189164
"Mathevotaenia deserti",0,0,4.58333333333333,2.85416666666667,4.58333333333333,2.85416666666667
"Mathevotaenia symmetrica",0,1,4.4,2.55111111111111,4.4640522875817,2.6800803109915
"Maupasina weissi",0,0,6,0,6,0
"Mediorhynchus centurorum",0,0,6,0,4.66666666666667,3.55555555555556
"Mediorhynchus grandis",0,0,4.39285714285714,3.52423469387755,4.52777777777778,3.02700617283951
"Megalobatrachonema terdentatum",0,0,4.6,4.84,4.17857142857143,3.43239795918367
"Megathylacoides giganteum",0,0,3.96428571428571,3.82015306122449,3.75,3.96527777777778
"Mesidionema praecomasculatis",0,0,1,NA,1,NA
"Mesocestoides corti/variabilis/vogae",1,1,4.08374384236453,1.58904608216652,4.0978835978836,1.54861985946642
"Mesocestoides lineatus/litteratus",0,0,3.87272727272727,1.20198347107438,3.97777777777778,0.955061728395062
"Metacanthocephalus johnstoni",1,1,3.4,4.64,4.02105263157895,3.37850415512465
"Metaleptus rabuka",0,0,4,2,4,2
"Metastrongylus apri",2,2,4.51666666666667,2.71638888888889,4.51666666666667,2.71638888888889
"Metastrongylus pudendotectus",0,0,3.4,4.64,3.4,4.64
"Metastrongylus salmi",0,0,4.66666666666667,3.55555555555556,4.66666666666667,3.55555555555556
"Metroliasthes lucida",1,1,4.67857142857143,2.3609693877551,4.66666666666667,2.55555555555556
"Microcephaloides variabilis",0,0,4.2,4.16,4.2,4.16
"Micropleura indica",0,0,4.66666666666667,3.55555555555556,4.66666666666667,3.55555555555556
"Microsomacanthus albertensis",0,0,4.66666666666667,3.55555555555556,4.66666666666667,3.55555555555556
"Microsomacanthus compressa",0,2,4.76842105263158,3.66216066481994,4.75725900116144,3.31041478657693
"Microsomacanthus diorchis",0,0,5,2,5,2
"Microsomacanthus ductilis",0,0,4.26666666666667,4.46222222222222,3.21794871794872,3.939677843524
"Microsomacanthus hopkinsi",0,0,2.69444444444444,3.26774691358025,2.23809523809524,2.3718820861678
"Microsomacanthus microskrjabini",0,0,4.66666666666667,2.22222222222222,3.85714285714286,2.69387755102041
"Microsomacanthus paracompressa",1,1,4.83333333333333,3.20555555555556,4.88966318234611,3.13184436971299
"Microsomacanthus paramicrosoma",0,1,4.95555555555556,2.75358024691358,4.88571428571429,2.77224489795918
"Microsomacanthus paraparvula",0,0,2.85714285714286,3.40816326530612,3.16666666666667,3.08333333333333
"Microsomacanthus pusilla",0,0,4.33333333333333,5.55555555555555,4.33333333333333,5.55555555555555
"Microsomacanthus spinocirrosa",0,0,3,6,3,6
"Microsomacanthus spiralibursata",0,0,5,2.75,4.84415584415584,3.17917580255243
"Microsomacanthus trombidacantha",0,0,6,0,6,0
"Microsomacanthus tuvensis",0,0,3.22222222222222,4.43950617283951,3.06060606060606,3.90541781450872
"Microtetrameres centuri",0,0,4.3,2.61,4.3,2.61
"Microtetrameres corax",0,2,5,2.33333333333333,4.8,2.02666666666667
"Microtetrameres helix",0,1,4.9,2.49,4.8,2.96
"Microtetrameres inermis",1,2,4.21428571428571,3.02551020408163,3.3994708994709,1.44095210100501
"Molineus barbatus",0,0,3,0,2.8,0.232727272727273
"Molluscotaenia crassiscolex",0,0,4.27777777777778,3.31172839506173,4.24242424242424,3.75941230486685
"Molluscotaenia estavarensis",0,0,6,0,6,0
"Moniezia benedeni",1,1,4.42307692307692,3.14151873767258,4.01282051282051,3.19983563445102
"Moniezia expansa",2,7,4.36601307189542,3.25165534623435,4.16428571428571,3.05937384044527
"Moniliformis clarki",0,1,3.52564102564103,2.65959894806049,3.29347826086957,1.75082703213611
"Moniliformis moniliformis",0,10,4.8,2.56,4.68815628815629,2.0622162588463
"Monobothrium hunteri",0,0,3.5,6.25,3.3,5.01
"Monobothrium ingens",0,0,4.06666666666667,4.32888888888889,4.06666666666667,4.32888888888889
"Monobothrium ulmeri",0,0,3.13333333333333,4.24888888888889,3.13333333333333,4.24888888888889
"Monoecocestus sigmodontis",1,1,4.2,2.16,4.2,2.16
"Monoecocestus sp.",0,0,3.55555555555556,1.5358024691358,3.94545454545455,2.08793388429752
"Mosgovoyia pectinata",0,0,2.66666666666667,4.58119658119658,2.39705882352941,3.87175605536332
"Muellerius capillaris",7,9,3.54734848484848,1.66063690886134,3.93779342723005,2.37367337829796
"Multitesticulata filamentosa",0,0,1,0,2.33333333333333,0.888888888888889
"Muspicea borreli",0,0,1,NA,1,NA
"Nematodiroides zembrae",0,0,1,NA,2,0
"Nematodirus abnormalis",0,0,2,0,2.59340659340659,0.636879603912571
"Nematodirus battus",0,0,4,0,2.93333333333333,0.728888888888889
"Nematodirus filicollis",0,0,2,0,2.6304347826087,0.493856332703214
"Nematodirus helvetianus",0,0,1,NA,2.67028985507246,0.438392669607225
"Nematodirus spathiger",0,1,3.33333333333333,0.555555555555556,3.12807881773399,1.0968963090587
"Nematoparataenia southwelli",0,0,4.66666666666667,3.55555555555556,4.2,4.96
"Neocamallanus ophiocephali",0,0,5,1.8,5,1.8
"Neocamallanus singhi",0,0,3.9,4.29,3.9,4.29
"Neoctenotaenia ctenoides",1,1,4.4,4.04,4.4,4.04
"Neoechinorhynchus cristatus",0,0,3.5,6.25,3.76190476190476,2.84807256235828
"Neoechinorhynchus cylindratus",0,0,3.30909090909091,4.50446280991736,3.86890756302521,1.49878115952263
"Neoechinorhynchus emydis",0,0,4.5,5.25,3.57777777777778,3.79950617283951
"Neoechinorhynchus rutili",0,1,4.49090909090909,3.37719008264463,3.7578431372549,1.09724240676663
"Neoechinorhynchus saginatus",0,0,4.33333333333333,5.55555555555555,3.55882352941176,1.70242214532872
"Neogryporhynchus cheilancristrotus",0,0,4.04444444444444,3.10913580246914,3.83333333333333,2.03743961352657
"Neoskrjabinolepis schaldybini",1,1,3.5,6.25,2.14102564102564,2.91600920447074
"Neostrongylus linearis",0,0,3.54166666666667,2.28159722222222,3.26576576576577,2.32726645564483
"Nesolecithus africanus",0,0,6,0,6,0
"Nippotaenia mogurndae",0,0,4,8,4.66666666666667,3.55555555555556
"Nybelinia surmenicola",0,3,5.16363636363636,1.91867768595041,4.08756979136056,1.82777084988967
"Obeliscoides cuniculi cuniculi",0,0,3.3,0.81,3.3,0.81
"Obeliscoides cuniculi multistriatus",0,0,3,1,3,1
"Octospinifer macilentis",0,0,6,0,6,0
"Octospiniferoides chandleri",0,0,4.5,4.05,4.73333333333333,2.06222222222222
"Oesophagostomum asperum",0,1,1,NA,2.61111111111111,0.29320987654321
"Oesophagostomum bifurcum",0,0,2.26666666666667,0.328888888888889,1.98484848484848,0.348255280073462
"Oesophagostomum columbianum",0,0,1,NA,2.40952380952381,0.498956916099773
"Oesophagostomum dentatum",0,0,1,NA,2.66666666666667,0.222222222222222
"Oesophagostomum kansuensis",0,0,1,NA,1,NA
"Oesophagostomum quadrispinulatum",0,0,1,NA,1,NA
"Oesophagostomum radiatum",0,0,1,NA,2.42105263157895,0.313942751615882
"Oesophagostomum venulosum",0,0,2,0,2.59057971014493,0.299766330602815
"Ohbayashinema erbaevae",0,0,1,0,1,0
"Oligacanthorhynchus tortuosa",0,0,4.66666666666667,3.55555555555556,3.8,3.22666666666667
"Ollulanus tricuspis",0,0,2.82142857142857,0.718112244897959,2.72222222222222,0.756172839506173
"Onchobothrium antarcticum",0,2,3.66666666666667,2.22222222222222,3.16615384615385,1.29546982248521
"Onchocamallanus bagarii",0,0,4.66666666666667,3.55555555555556,4.66666666666667,3.55555555555556
"Oncicola pomatostomi",1,1,3.73856209150327,1.0558332265368,3.37632135306554,0.699819871362228
"Oncicola venezuelensis",0,0,4.7,2.81,4.7,2.81
"Oochoristica anolis",0,0,3.5,6.25,3,6
"Oochoristica javaensis",0,0,2.69230769230769,2.19103972950127,2.69230769230769,2.19103972950127
"Oochoristica osheroffi",0,0,4.27777777777778,3.36728395061728,4.22222222222222,3.10617283950617
"Oochoristica scelopori",0,0,2.06593406593407,2.78686149015819,2.30666666666667,1.88595555555556
"Oochoristica vacuolata",1,1,4.38181818181818,3.07239669421488,4.38181818181818,3.07239669421488
"Ophidascaris baylisi",0,0,5,0,4,2
"Ophidascaris labiatopapillosa",4,4,3.2,1.89333333333333,3.10714285714286,1.45280612244898
"Ophidascaris moreliae",0,0,4.04444444444444,1.50913580246914,3.92307692307692,1.78895463510848
"Ophidascaris pyrrhus",0,0,2.45584045584046,0.322124008733695,2.45584045584046,0.322124008733695
"Ophidascaris trichuriformis",1,2,2.89393939393939,2.24632690541781,2.82051282051282,2.17291255752794
"Ophiotaenia europaea",0,0,4.71428571428571,2.10884353741497,4.55,2.41416666666667
"Ophiotaenia filaroides",0,2,4,8,6,0
"Ophiotaenia gracilis",2,2,1,NA,1,NA
"Ophiotaenia monnigi",0,0,4.83333333333333,2.80555555555556,4.83333333333333,2.80555555555556
"Ophiotaenia perspicua",1,1,4.24444444444444,3.87358024691358,4.04545454545455,3.80096418732782
"Ophiotaenia ranae",0,0,6,0,6,0
"Ophiotaenia saphena",2,2,4.66666666666667,3.55555555555556,4.66666666666667,3.55555555555556
"Ophryocotyle insignis",0,1,4.16666666666667,3.80555555555556,3.9,3.29
"Ophryocotyle proteus",0,1,3.52380952380952,3.29705215419501,3.17142857142857,1.78013605442177
"Ornithostrongylus quadriradiatus",0,0,2,0,2.47619047619048,1.01133786848073
"Oslerus osleri",0,0,1.1,0.69,1.5,0.25
"Oslerus rostratus",1,1,4.82051282051282,1.76265614727153,4.82051282051282,1.76265614727153
"Ostertagia ostertagi",0,0,2,0,2.60645161290323,0.466625043357614
"Oswaldocruzia filiformis",1,2,4,1.03030303030303,3.92941176470588,1.65552150271873
"Otostrongylus circumlitus",2,2,3.61111111111111,2.1820987654321,3.96153846153846,2.60108481262327
"Oxyspirura mansoni",1,2,3.55555555555556,2.52469135802469,3.68888888888889,2.16987654320988
"Oxyuris equi",0,0,1,NA,2.39285714285714,2.23852040816327
"Pallisentis nagpurensis",0,0,3.95238095238095,2.90249433106576,3.6,2.45818181818182
"Parabisaccanthes philactes",0,1,3.6,3.84,4.34065934065934,3.63120396087429
"Paracamallanus cyathopharynx",0,0,4.33333333333333,5.55555555555555,3.64285714285714,2.58673469387755
"Paracamallanus sweeti",0,0,4.66666666666667,1.93650793650794,4.34545454545455,1.93520661157025
"Paracapillaria philippinensis",0,0,4.43333333333333,0.812222222222222,4.38011695906433,0.773639752402449
"Parachristianella monomegacantha",2,4,5.66666666666667,0.222222222222222,4.13636363636364,2.14807162534435
"Paracuaria adunca",1,1,4.96732026143791,1.53487974710581,4.37593984962406,1.82984717432679
"Paradilepis caballeroi",0,0,4.16666666666667,2.13888888888889,4.1,1.69
"Paradilepis scolecina",0,0,3.39393939393939,2.63269054178145,3.20443349753695,2.25131039336067
"Parafilaroides decorus",0,0,4,2,3.4,1.44
"Parafilaroides gymnurus",2,2,3.9,1.89,4.6,2.24
"Paranoplocephala macrocephala",0,0,4.07272727272727,4.24925619834711,3.75824175824176,4.27122328221229
"Paranoplocephala omphalodes",0,4,3.11111111111111,5.4320987654321,2.81159420289855,2.09880277252678
"Paraorygmatobothrium sp. 2",0,0,5,0,5,0
"Paraorygmatobothrium sp. 3",0,0,3.9,2.29,3.9,2.29
"Paraquimperia tenerrima",0,0,4,0,3.4,1.04
"Parascaris equorum",0,0,1,0,2.69444444444444,4.43441358024691
"Parasciurotaenia ryjikovi",0,0,4.6,3.24,4.6,3.24
"Paraspiralatus sakeri",0,0,4.71428571428571,1.3469387755102,4.71428571428571,1.3469387755102
"Paratenuisentis ambiguus",0,0,4.33333333333333,5.55555555555555,4.48333333333333,1.43305555555556
"Parelaphostrongylus andersoni",0,0,3.96428571428571,4.89158163265306,3.96428571428571,4.89158163265306
"Parelaphostrongylus odocoilei",0,0,4.34848484848485,2.71189164370983,4.37362637362637,2.73952421205168
"Parelaphostrongylus tenuis",1,2,4.08771929824561,2.71160357032933,4.46952104499274,2.49435405216959
"Paricterotaenia paradoxa",0,0,5,2,4.33333333333333,2.88888888888889
"Paricterotaenia porosa",0,1,3.77777777777778,5.72839506172839,3.8102766798419,4.05886672186724
"Paruterina candelabraria",0,1,3.88571428571429,1.60598639455782,3.69047619047619,1.85181405895692
"Paruterina rauschi",0,0,3.93333333333333,1.92888888888889,3.80555555555556,1.98996913580247
"Parvitaenia cochlearii",1,1,4.10714285714286,1.38137755102041,4.10714285714286,1.38137755102041
"Passalurus ambiguus",0,0,1.83333333333333,0.138888888888889,2.39047619047619,1.68562358276644
"Passerilepis serpentulus",1,1,3.17948717948718,2.24983563445102,3.17948717948718,2.24983563445102
"Passerilepis stylosa",1,1,3.9047619047619,4.27664399092971,3.34615384615385,3.04684418145957
"Paulisentis fractus",0,0,6,0,6,0
"Paulisentis missouriensis",0,0,4,8,6,0
"Pearsonema mucronata",0,0,2.95238095238095,3.85487528344671,2.78571428571429,3.5969387755102
"Pearsonema plica",0,0,4.08888888888889,3.5920987654321,3.79120879120879,3.11025238497766
"Pediobothrium sp.",0,0,4.66666666666667,0.222222222222222,4.66666666666667,0.222222222222222
"Pharurus pallasii",0,0,4.66666666666667,0.222222222222222,4.66666666666667,0.222222222222222
"Philometra abdominalis",0,0,4.16666666666667,4.25,3.95670995670996,3.39206536609134
"Philometra cylindracea",0,0,6,0,5.33333333333333,0.888888888888889
"Philometra kotlani",0,0,6,0,6,0
"Philometra obturans",0,0,4.55555555555556,3.09135802469136,4.45454545454545,3.30247933884297
"Philometra ovata",0,0,4.19444444444444,4.10108024691358,3.6984126984127,3.35348954396573
"Philometra overstreeti",0,0,5,1,5,1
"Philometra rischta",0,0,4.4,3.84,3.48913043478261,3.56872243226213
"Philometroides cyprini",0,0,2.92857142857143,3.20918367346939,3.68888888888889,3.50320987654321
"Philometroides huronensis",0,0,4.3,4.41,3.93333333333333,4.99555555555556
"Philometroides moraveci",0,0,6,0,6,0
"Philometroides nodulosa",0,0,4,4,4.33333333333333,4.22222222222222
"Philometroides paralichthydis",0,0,6,0,6,0
"Philometroides sanguinea",0,2,3.75,3.96527777777778,3.57516339869281,3.23781451578453
"Philonema agubernaculum",0,0,4.2,2.76,2.9047619047619,2.3718820861678
"Philonema oncorhynchi",0,0,3.5,6.25,2.38333333333333,2.66972222222222
"Philonema sibirica",0,0,4.8,2.56,4.05128205128205,3.81788297172913
"Phoreiobothrium sp. 1",0,0,3.85714285714286,2.40816326530612,3.85714285714286,2.40816326530612
"Physaloptera hispida",0,0,5.1,1.29,4.27777777777778,3.31172839506173
"Physaloptera maxillaris",0,0,5.33333333333333,0.888888888888889,4.66666666666667,2.6031746031746
"Physaloptera praeputialis",0,1,4.8,2.07111111111111,4.25546218487395,2.52297436621707
"Physaloptera rara",0,0,4.86666666666667,1.98222222222222,4.275,2.56604166666667
"Physocephalus dromedarii",1,1,4.63809523809524,3.12616780045352,4.63809523809524,3.12616780045352
"Physocephalus sexalatus",2,5,4.65024154589372,2.67766902378118,4.89469729497638,1.73204143906954
"Placoconus lotoris",0,0,3,0,3,0
"Plagiorhynchus cylindraceus",0,2,4.41025641025641,2.83168967784352,4.31634615384615,1.24511741863905
"Platyscolex ciliata",1,1,3.5,4.82142857142857,2.56140350877193,3.10003077870114
"Pneumostrongylus calcaratus",0,0,6,0,4.66666666666667,3.55555555555556
"Poecilancistrium caryophyllum",0,0,4.33333333333333,3.16161616161616,4.33333333333333,3.16161616161616
"Polydelphis anoura",0,0,3.75757575757576,2.18365472910927,3.67647058823529,2.01297577854671
"Polymorphus cincli",0,0,6,0,4.33333333333333,5.55555555555555
"Polymorphus contortus",0,0,4.19047619047619,3.77324263038549,4.48888888888889,2.73876543209877
"Polymorphus marilis",0,1,4.19047619047619,3.67800453514739,4.2,2.60444444444444
"Polymorphus minutus",0,0,3.71428571428571,4.87074829931973,4.49012775842044,2.67963540760345
"Polymorphus paradoxus",0,0,5.1,0.89,4.34545454545455,2.11702479338843
"Polymorphus trochus",0,0,6,0,4.06666666666667,2.32888888888889
"Polyonchobothrium clarias",0,0,4.33333333333333,4.55555555555556,3.80952380952381,2.72562358276644
"Polyonchobothrium ophiocephalina",0,0,5,2.33333333333333,5,2.33333333333333
"Pomphorhynchus bulbocolli",0,2,4.7,2.61,3.93164730006835,0.797788605609594
"Pomphorhynchus laevis",0,1,3.97794117647059,2.59510164359862,4.10038075458636,1.64620615478365
"Porrocaecum angusticolle",0,0,3.42222222222222,2.24395061728395,3.05287356321839,1.72823886907121
"Porrocaecum crassum",1,1,3.325,3.619375,4.38823529411765,3.48120612951063
"Porrocaecum ensicaudatum",0,2,4.46666666666667,2.74412698412698,4.31292517006803,1.87316627331205
"Porrocaecum semiteres",0,0,4.66666666666667,2.6984126984127,3.89839572192513,1.89876747976779
"Procamallanus fukiensis",0,0,4,4,4,4
"Procamallanus laeviconchus",0,0,3.80952380952381,2.72562358276644,3.32100840336134,1.37762587387896
"Procamallanus neocaballeroi",0,0,6,0,5,1
"Procamallanus rebecae",0,1,3.57142857142857,3.10204081632653,2.75494071146245,2.46959021387617
"Procamallanus saccobranchi",0,0,4.66666666666667,3.55555555555556,4.66666666666667,3.55555555555556
"Procamallanus spiculogubernaculus",0,1,4.66666666666667,3.55555555555556,4.58181818181818,2.86148760330579
"Prochristianella hispida",4,4,4.47619047619048,4.05895691609977,4.67857142857143,3.43239795918367
"Procyrnea zorillae",2,2,3.68888888888889,1.10320987654321,3.41758241758242,1.14430624320734
"Profilicollis altmani",0,0,3.83088235294118,2.05228157439446,3.85,2.0275
"Profilicollis botulus",0,0,3.64285714285714,4.30102040816327,4.10909090909091,3.80628099173554
"Profilicollis brevis",0,0,3.74703557312253,1.43798528331953,3.74703557312253,1.43798528331953
"Profilicollis chasmagnathi",0,0,4.71428571428571,2.01360544217687,4.71428571428571,2.01360544217687
"Profilicollis novaezelandensis",1,1,4.42857142857143,3.57823129251701,4.42857142857143,3.57823129251701
"Proleptus niedmanni",0,0,6,0,6,0
"Proleptus obtusus",0,1,4.53333333333333,3.44888888888889,4.52777777777778,2.74922839506173
"Prosthenorchis elegans",0,4,4.23076923076923,3.74161735700197,3.83333333333333,3.22460317460317
"Protenema longispicula",0,0,6,0,6,0
"Proteocephalus ambiguus",0,0,4.66666666666667,2.22222222222222,5,1.8
"Proteocephalus ambloplitis",0,0,3.88947368421053,3.28778393351801,4.20142602495544,1.35871454399293
"Proteocephalus cernuae",0,0,6,0,3.69444444444444,2.3233024691358
"Proteocephalus filicollis",0,0,5,2,4.86363636363636,2.05716253443526
"Proteocephalus fluviatilis",0,0,3.93333333333333,5.08444444444444,4.21428571428571,4.31122448979592
"Proteocephalus longicollis",0,0,4.19128787878788,3.82515137167126,4.45744680851064,3.01769277199336
"Proteocephalus macrocephalus",0,0,4.2,4.96,4.38235294117647,2.26557093425606
"Proteocephalus osculatus",0,0,6,0,3.96969696969697,1.42332415059688
"Proteocephalus pearsei",0,0,4.9,2.49,4.04575163398693,1.61228587295485
"Proteocephalus percae",0,0,4.56043956043956,3.05953387272069,4.49768732654949,1.80411121028342
"Proteocephalus thymalli",0,1,4.5,3.25,3.64835164835165,4.62359618403574
"Proteocephalus torulosus",0,1,4.40909090909091,3.51446280991736,3.74603174603175,2.7539525069287
"Protospirura muricola",1,2,3.47967479674797,1.95922683965516,3.63843137254902,2.32338577470204
"Protospirura numidica",0,0,4.41558441558442,2.84027660651037,4.16935483870968,2.68099635796046
"Protostrongylus boughtoni",0,0,4.28571428571429,2.87074829931973,4.28571428571429,2.87074829931973
"Protostrongylus cuniculorum",0,0,6,0,6,0
"Protostrongylus davtiani",3,3,3.2,5.56,3.83333333333333,4.80555555555556
"Protostrongylus hobmaieri",0,0,4.1,3.42333333333333,4.15441176470588,3.57174524221453
"Protostrongylus oryctolagi",0,0,4.6,3.04,4.6,3.04
"Protostrongylus pulmonalis/kamenskyi",0,0,4.33333333333333,2.6984126984127,4.33333333333333,2.6984126984127
"Protostrongylus rufescens",0,0,3.71794871794872,2.25378040762656,3.58645276292335,3.38334588413229
"Protostrongylus skrjabini",1,1,3.83333333333333,4.80555555555556,3.83333333333333,4.80555555555556
"Protostrongylus stilesi/rushi",0,0,3.50735294117647,1.97053416955017,3.50735294117647,1.97053416955017
"Protostrongylus tauricus",0,0,3.47619047619048,3.10657596371882,3.47619047619048,3.10657596371882
"Pseudalius inflexus",1,1,5,0,4.02222222222222,2.19950617283951
"Pseudanoplocephala crawfordi",0,0,4.28571428571429,2.96598639455782,4.57142857142857,2.6734693877551
"Pseudanthobothrium purtoni",0,0,1,0,1,0
"Pseudhymenolepis redonica",0,0,5,3.33333333333333,4.4,5.04
"Pseudocapillaria tomentosa",0,2,2.95333333333333,1.58448888888889,3.1827027027027,1.09274584855125
"Pseudocorynosoma constrictum",0,0,2.56363636363636,2.75504132231405,2.56363636363636,2.75504132231405
"Pseudodelphis oligocotti",0,0,3.96428571428571,1.96301020408163,3.96428571428571,1.96301020408163
"Pseudophysaloptera vincenti",0,0,6,0,6,0
"Pseudoproleptus sp.",0,0,6,0,6,0
"Pseudoterranova cattani",0,0,3.995670995671,0.696950956691216,4.10526315789474,0.662603878116344
"Pseudoterranova decipiens [A-D]",7,7,5.11475409836066,1.34431431023572,5.1390977443609,1.23127838392975
"Pterygodermatites affinis",0,0,4.33333333333333,2.53333333333333,4.23636363636364,2.43504132231405
"Pterygodermatites coloradensis",0,0,4.43382352941176,1.93679714532872,4.57309941520468,2.10430559830375
"Pterygodermatites desportesi",1,1,6,0,6,0
"Pterygodermatites hispanica",0,0,6,0,6,0
"Pterygodermatites nycticebi",0,2,4,3,3.44444444444444,2.08024691358025
"Pterygodermatites peromysci",0,0,3.5,6.25,4,5.42857142857143
"Pterygodermatites taterilli",0,0,4.66666666666667,3.55555555555556,4.66666666666667,3.55555555555556
"Pterygodermatites zygodontomis",0,0,5.33333333333333,0.888888888888889,5.33333333333333,0.888888888888889
"Ptilotolepis raymondi",0,0,5.66666666666667,0.222222222222222,5.66666666666667,0.222222222222222
"Quadriplotriaena hypsokysta",0,0,4.33333333333333,5.55555555555555,4.33333333333333,5.55555555555555
"Rabbium paradoxus",0,0,1,NA,1,NA
"Raillietina australis",0,0,6,0,6,0
"Raillietina beveridgei",0,0,6,0,6,0
"Raillietina bonini",1,1,4.07142857142857,2.99489795918367,4.22222222222222,3.45061728395062
"Raillietina cesticillus",3,5,3.26086956521739,2.61178896717649,4.12926829268293,3.00280190362879
"Raillietina chiltoni",0,0,6,0,6,0
"Raillietina dromaius",0,0,6,0,6,0
"Raillietina echinobothrida",2,3,5,2.33333333333333,4.10822510822511,3.17876351642585
"Raillietina georgiensis",0,0,6,0,5.33333333333333,0.888888888888889
"Raillietina loeweni",0,0,4.33333333333333,5.55555555555555,4.33333333333333,5.55555555555555
"Raillietina mitchelli",0,0,6,0,6,0
"Raillietina tetragona",0,0,4.42857142857143,3.6734693877551,4.23320158102767,3.33296880126232
"Raphidascaris acus",7,9,5.24936061381074,1.73960956560985,4.81504112808461,1.65321677269156
"Raphidascaris gigi",0,0,4.04545454545455,1.40702479338843,4.09090909090909,1.31900826446281
"Retinometra exigua",0,0,6,0,6,0
"Retinometra venusta",0,0,4.66666666666667,3.88888888888889,4.64705882352941,3.02249134948097
"Rhabdochona canadensis",0,1,4.5,3.45,3.58008658008658,2.13103202713592
"Rhabdochona cascadilla",0,0,4.2,2.47111111111111,3.88768115942029,1.41854389834068
"Rhabdochona coronacauda",0,1,5.16666666666667,1.47222222222222,4.5,2.75
"Rhabdochona denudata",0,2,4.35833333333333,3.11326388888889,3.74808184143223,2.73576997795671
"Rhabdochona ergensi",0,0,6,0,5,2
"Rhabdochona gnedini",0,0,6,0,3.57368421052632,1.67614958448753
"Rhabdochona hellichi",0,0,4.33333333333333,5.55555555555555,3.84967320261438,2.87282669058909
"Rhabdochona kidderi",0,0,4.17777777777778,2.50172839506173,3.08128078817734,2.15841806401514
"Rhabdochona oncorhynchi",0,0,2.51111111111111,3.22765432098765,2.72380952380952,2.90467120181406
"Rhabdochona phoxini",0,0,4,3,4.71428571428571,2.48979591836735
"Rhodobothrium mesodesmatum",0,0,6,0,6,0
"Rhodobothrium paucitesticulare",0,0,5,2,5,2
"Rictularia cristata",0,0,5,2,2.89393939393939,2.57966023875115
"Rictularia proni",0,0,4.78571428571429,2.0969387755102,4.29824561403509,2.56017236072638
"Rodentolepis asymmetrica",0,1,3.61904761904762,5.28344671201814,3.03030303030303,4.2415059687787
"Rodentolepis microstoma",2,4,4.33333333333333,3.72222222222222,4.42690058479532,2.9347149550289
"Rodentolepis straminea",0,1,3.29487179487179,3.15664036817883,2.97849462365591,1.59523644351948
"Ryjikovilepis dubininae",1,1,1,NA,3,6
"Salvelinema salmonicola",0,0,2.80952380952381,4.24943310657596,2.74358974358974,2.62656147271532
"Salvelinema walkeri",0,0,4.33333333333333,5.55555555555555,4.33333333333333,5.55555555555555
"Schistocephalus pungitii",0,0,3.19444444444444,2.98996913580247,4.43809523809524,3.44616780045351
"Schistocephalus solidus",0,0,4.6256157635468,2.70220097551506,4.88845350052247,1.25741108796319
"Schistotaenia colymba",0,0,4.33333333333333,5.55555555555555,2.85714285714286,4.12244897959184
"Schistotaenia srivastavai",3,4,4.2,4.96,4.09523809523809,4.94331065759637
"Schistotaenia tenuicirrus",0,0,3.83333333333333,4.80555555555556,3.83333333333333,4.80555555555556
"Schizorchis altaica",0,0,5,2,4.04761904761905,4.52154195011338
"Sciurotaenia transversaria",0,0,4,4.8,4,4.8
"Sclerocollum saudii",0,0,6,0,6,0
"Serpinema trispinosum",0,1,5.19444444444444,1.87885802469136,4.91052631578947,1.99725761772853
"Serratospiculum seurati",1,1,4.66666666666667,3.88888888888889,4.66666666666667,3.88888888888889
"Serratospiculum tendo",0,0,5.33333333333333,0.888888888888889,5.33333333333333,0.888888888888889
"Seuratum cadarachense",0,0,6,0,5,2
"Seuratum nguyenvanaii",0,0,4.66666666666667,3.55555555555556,4.66666666666667,3.55555555555556
"Sicarius dipterum",0,0,3.5,4.25,4.52380952380952,3.39229024943311
"Simondsia paradoxa",0,0,4.89328063241107,1.73959911887391,4.89328063241107,1.73959911887391
"Skrjabinelazia galliardi",1,1,1,NA,1,NA
"Skrjabinema ovis",0,1,1.83333333333333,0.138888888888889,2.03809523809524,0.227120181405896
"Skrjabingylus chitwoodorum",2,2,4.72527472527473,2.59485569375679,4.72527472527473,2.59485569375679
"Skrjabingylus lutrae",0,0,6,0,6,0
"Skrjabingylus nasicola",2,2,3.78676470588235,4.18247188581315,3.57894736842105,4.03324099722992
"Skrjabingylus petrowi",0,0,4.33333333333333,5.55555555555555,4.33333333333333,5.55555555555555
"Skrjabinocerca americana",0,0,4.33333333333333,2.88888888888889,4.33333333333333,2.88888888888889
"Skrjabinocerca prima",0,2,3.86928104575163,1.25088641120936,3.9,1.42333333333333
"Skrjabinoclava inornatae",0,1,3.83333333333333,4.80555555555556,3.53333333333333,3.31555555555556
"Skrjabinoclava morrisoni",0,0,6,0,4.33333333333333,5.55555555555555
"Skrjabinoptera phrynosoma",0,0,3.5,6.25,2.48387096774194,1.34651404786681
"Sobolevicanthus bisaccata",0,0,6,0,6,0
"Sobolevicanthus gracilis",1,6,4.98768472906404,2.56881385134315,4.82967313585291,2.58258222206688
"Sobolevicanthus krabbeella",0,0,4.1,5.49,3.08888888888889,4.83654320987654
"Sobolevicanthus octacantha",0,1,4.52380952380952,4.43990929705215,4.42687747035573,3.80987048696277
"Soboliphyme baturini",1,1,3.01666666666667,1.68305555555556,3.06190476190476,1.40092970521542
"Soboliphyme occidentalis",0,0,1,NA,1,NA
"Soboliphyme soricis",0,0,1,NA,1,NA
"Southwellina hispida",0,0,3.86666666666667,1.90888888888889,4.28682170542636,1.11042433919665
"Spathebothrium simplex",0,0,5,2,3.51282051282051,3.45496383957922
"Sphaerirostris picae",0,0,3.93333333333333,4.19555555555556,4.12727272727273,2.00198347107438
"Spinicauda freitasi",0,0,1,NA,1,NA
"Spinitectus carolini",0,1,4.75238095238095,2.04344671201814,4.52692307692308,2.26209566074951
"Spinitectus gracilis",0,4,4.75714285714286,2.28863945578231,4.57575757575758,1.72506887052342
"Spinitectus inermis",1,1,4.1,2.49,4.2,1.89333333333333
"Spinitectus micracanthus",0,0,6,0,3,3.06060606060606
"Spinitectus ranae",0,0,3.52380952380952,3.29705215419501,3.68888888888889,2.7920987654321
"Spirocamallanus cricotus",1,1,6,0,4.66666666666667,3.55555555555556
"Spirocamallanus fulvidraconis",0,0,4,4,4.6,3.24
"Spirocamallanus hilarii",0,1,4.09523809523809,3.70521541950113,3.84615384615385,2.15215553677092
"Spirocamallanus mysti",0,0,3.66666666666667,3.88888888888889,3.6,3.61777777777778
"Spirocerca lupi",2,7,4.80163934426229,2.42458747648482,4.93447208071122,1.55319285635267
"Spirometra erinacei",1,1,4.86507936507936,1.92094986142605,4.53995859213251,1.25958343513839
"Spirometra mansonoides",2,2,4.06666666666667,2.84501792114695,4.42450142450142,1.8568355776333
"Spiroxys contortus",2,2,4.95789473684211,2.37717451523546,4.95789473684211,2.37717451523546
"Spirura infundibuliformis",0,1,4.33333333333333,3.55555555555556,4.33333333333333,3.28282828282828
"Spirura malayensis",0,0,4.5,3.25,4.5,3.25
"Spirura rytipleurites",0,2,4.07142857142857,3.49489795918367,4.67619047619048,2.31419501133787
"Spirura talpae",0,0,6,0,3.38095238095238,5.28344671201814
"Spongiobothrium sp.",0,0,5,0,4,2
"Staphylocystis brusatae",1,1,4.6,3.84,4.14285714285714,5.26530612244898
"Staphylocystis furcata",2,3,3.96703296703297,2.14177031759449,4.28817204301075,3.65889235749798
"Staphylocystis pistillum",0,0,6,0,3.5,4.25
"Staphylocystis scalaris",0,0,3.83333333333333,4.80555555555556,3.5,4.25
"Stephanurus dentatus",0,0,4.93333333333333,1.79555555555556,4.93333333333333,1.79555555555556
"Sterliadochona ephemeridarum",0,0,6,0,2.94736842105263,2.14459833795014
"Stilesia globipunctata",2,3,4.22222222222222,3.86172839506173,3.87368421052632,3.36299168975069
"Streptocara crassicauda",1,3,4.33333333333333,2.48677248677249,4.09576098059244,1.38791870078596
"Streptopharagus greenbergi",0,0,4.3,4.41,4.3,4.41
"Streptopharagus kutassi",3,3,4.05454545454545,4.01520661157025,4.05454545454545,4.01520661157025
"Streptopharagus pigmentatus",0,0,4.4,4.24,4.03571428571429,4.67729591836735
"Strongylus edentatus",0,0,1,0,2.25,2.1875
"Strongylus equinus",0,0,1,0,1,0
"Strongylus vulgaris",0,0,1,0,1,0
"Subulura bolivari",0,0,4,4,4,4
"Subulura jacchi",0,0,3.53333333333333,3.31555555555556,3.53333333333333,3.31555555555556
"Subulura otolicni",2,2,4.13333333333333,4.11555555555556,4.13333333333333,4.11555555555556
"Subulura williaminglisi",1,1,4.46666666666667,2.78222222222222,4.46666666666667,2.78222222222222
"Sulcascaris sulcata",0,0,4.75641025641026,1.1586127547666,4.75641025641026,1.1586127547666
"Syncuaria squamata",0,0,4.75757575757576,2.06244260789715,4.71428571428571,1.91836734693878
"Syngamus trachea",1,3,5.27,1.42376666666667,4.7177033492823,1.72345282519042
"Syphacia muris",0,0,1,NA,2.03676470588235,1.07953070934256
"Syphacia obvelata",0,5,1,NA,2.86123911930364,0.613105889058518
"Taenia acinonyxi",0,0,3.33333333333333,0.888888888888889,3.09090909090909,0.991735537190083
"Taenia arctos",0,0,4,0,4,0
"Taenia asiatica",0,0,4,0,3.83333333333333,0.138888888888889
"Taenia crassiceps",0,5,3.0952380952381,1.01950113378685,3.25961538461538,0.760484467455621
"Taenia crocutae",0,1,2.41666666666667,0.743055555555556,2.76190476190476,0.964474678760393
"Taenia endothoracicus",0,0,2.5,1.65,2.63235294117647,1.61483564013841
"Taenia gonyamai",0,0,2.82142857142857,1.07525510204082,2.83516483516484,1.1046975003019
"Taenia hyaenae",0,1,2.8974358974359,0.886916502301118,3.03896103896104,0.929217968179007
"Taenia hydatigena",0,3,3.19883040935673,1.0364898601279,3.74558774558775,0.905637375167845
"Taenia krepkogorski",0,0,3.0952380952381,1.41950113378685,3,1.44444444444444
"Taenia laticollis",0,0,3.10714285714286,1.30994897959184,3.12121212121212,1.16712580348944
"Taenia macrocystis",0,0,2.69444444444444,1.15663580246914,2.91,1.10856666666667
"Taenia madoquae",0,0,4,0,2.8,2.16
"Taenia martis",0,2,3.09803921568627,1.14725105728566,3.24154589371981,0.865327078811641
"Taenia multiceps",0,0,3.33333333333333,1.26984126984127,3.4642375168691,0.712958561669408
"Taenia mustelae",0,4,3.0025641025641,0.771788297172913,3.21859039836568,0.789807614657553
"Taenia olngojinei",0,0,2.7,1.21,3,1.21428571428571
"Taenia omissa",0,0,2.83333333333333,1.47222222222222,3.05555555555556,1.33024691358025
"Taenia ovis/krabbei",0,0,3.24358974358974,0.902202498356345,3.28787878787879,0.750459136822773
"Taenia parenchymatosa",0,1,3,1.52380952380952,2.95555555555556,1.33135802469136
"Taenia parva",0,0,3.4,0.24,3.15789473684211,1.0382271468144
"Taenia pencei",1,1,1,NA,4,0
"Taenia pisiformis",0,4,3.40522875816993,0.959972660088,3.65044949762031,1.39182819562508
"Taenia polyacantha",0,3,2.875,1.14270833333333,3.06417112299465,0.944188662339024
"Taenia regis",0,0,3.3,1.01,3.00833333333333,0.974930555555556
"Taenia rileyi",0,0,3.25454545454545,0.771570247933884,3.21637426900585,0.777743579220957
"Taenia saginata",0,0,4,0,3.11029411764706,0.745188148788927
"Taenia selousi",0,0,3.33333333333333,0.888888888888889,2.95238095238095,1.56916099773243
"Taenia serialis",0,0,2.96428571428571,1.60586734693878,3.59080459770115,0.660145329634034
"Taenia simbae",0,0,3.33333333333333,0.888888888888889,3.16666666666667,1.47222222222222
"Taenia solium",0,0,3,2,3.83357041251778,0.63944201744606
"Taenia taeniaeformis",0,3,2.73856209150327,0.807467213464907,3.36786654960492,0.856772533551835
"Taenia talicei",0,0,2.5,2.25,2.5,2.25
"Taenia taxidiensis",0,0,2.95238095238095,1.09297052154195,3.08888888888889,1.10320987654321
"Taenia twitchelli",0,0,3.0952380952381,0.467120181405896,3.15384615384615,0.719921104536489
"Tanaorhamphus longirostris",0,0,6,0,4.5,3.25
"Tarsubulura perarmata",0,0,4.6,2.90666666666667,4.6,2.90666666666667
"Tatria biremis",0,0,3.3,5.01,3,3.61111111111111
"Tegorhynchus furcatus",1,1,4.46666666666667,3.31555555555556,4.58333333333333,1.74305555555556
"Teladorsagia circumcincta",0,0,1,NA,2.58333333333333,0.496388888888889
"Tetrabothrius erostris",0,0,2.57142857142857,2.53061224489796,2.38461538461538,1.97295012679628
"Tetrabothrius sp.",0,0,1,NA,4.17391304347826,1.2424815260354
"Tetrameres americana",0,0,4.53333333333333,3.04888888888889,4.53333333333333,3.04888888888889
"Tetrameres cardinalis",0,0,6,0,6,0
"Tetrameres confusa",0,0,4.66666666666667,3.55555555555556,5,2.33333333333333
"Tetrameres crami",0,0,2.76923076923077,4.30571992110454,2.65934065934066,4.20263253230286
"Tetrameres fissispina",3,3,5.05882352941176,1.57170319108035,4.49468599033816,2.38716982893416
"Tetrameres mohtedai",1,1,5.33333333333333,0.555555555555556,5.09523809523809,0.943310657596372
"Tetrameres pattersoni",0,0,4.66666666666667,2.22222222222222,4.66666666666667,2.22222222222222
"Thelastoma bulhoesi",0,2,1,NA,2,0
"Thubunaea baylisi",1,1,2.66666666666667,0.222222222222222,2.6,0.24
"Thysaniezia giardi",0,0,4.10909090909091,3.04264462809917,4.43333333333333,2.99555555555556
"Toxascaris leonina",0,0,3.42307692307692,1.19280078895464,3.09856035437431,1.21841431723221
"Toxocara canis",0,3,4.15151515151515,1.85583103764922,3.81472822910579,1.28829272275075
"Toxocara cati",0,0,4.9,1.49,3.04356060606061,1.56817823117539
"Toxocara mackerrasae",0,0,1.83333333333333,0.138888888888889,1.83333333333333,0.138888888888889
"Toxocara pteropodis",0,0,1,0,2.39285714285714,2.23852040816327
"Toxocara vitulorum",0,0,2,0,2.51282051282051,0.993425378040763
"Travassosascaris araujoi",0,0,5,0,5,0
"Triaenophorus crassus",0,1,3.76190476190476,3.81950113378685,4.50528846153846,2.85477972448225
"Triaenophorus nodulosus",0,0,4.54901960784314,2.02537485582468,4.09320735444331,1.41087316538003
"Triaenophorus stizostedionis",0,0,5.33333333333333,0.888888888888889,5.33333333333333,0.888888888888889
"Trichosomoides crassicauda",0,0,1.66666666666667,0.222222222222222,2.77777777777778,1.67283950617284
"Trichospirura leptostoma",1,1,3.57142857142857,2.53061224489796,3.35714285714286,2.58673469387755
"Trichostrongylus axei",0,1,3.55555555555556,0.746913580246914,3.104532839963,0.752255124037171
"Trichostrongylus colubriformis",0,1,3,1,3.22109158186864,0.812358105396295
"Trichostrongylus retortaeformis",0,0,2,0,3.35960591133005,0.846053046664563
"Trichostrongylus rugatus",0,0,1,NA,2.8,0.96
"Trichostrongylus sigmodontis",0,0,2.7,0.21,2.7,0.21
"Trichostrongylus skrjabini",0,0,2,2,3.5,0.85
"Trichostrongylus tenuis",0,1,1,0,2.87894736842105,0.990609418282549
"Trichostrongylus vitrinus",0,0,3,1,2.80049261083744,0.647388919896139
"Trichuris discolor",0,0,1,NA,2.61111111111111,0.737654320987654
"Trichuris muris",0,1,1.66666666666667,0.222222222222222,2.61587301587302,0.506414714033762
"Trichuris ovis",0,1,2,0,2.53801169590643,0.353818268869054
"Trichuris skrjabini",0,0,2,0,2.64285714285714,0.372448979591837
"Trichuris suis",0,0,4,0,4,0
"Trichuris trichiura",0,0,3.2,0.56,3.21333333333333,2.41448888888889
"Trichuris vulpis",0,0,4,0,2.35714285714286,1.01530612244898
"Trilobostrongylus bioccai",0,0,4.94444444444444,1.55246913580247,4.94444444444444,1.55246913580247
"Triodontolepis bifurca",0,0,4.33333333333333,5.55555555555555,3.22222222222222,5.06172839506173
"Triodontolepis hamanni",0,0,4.33333333333333,5.55555555555555,4,6
"Triodontolepis kurashvilii",0,0,6,0,6,0
"Triodontolepis sumavensis",0,0,6,0,6,0
"Triodontophorus tenuicollis",0,0,1,0,1,0
"Troglostrongylus brevior",0,0,4.36363636363636,2.80716253443526,4.36363636363636,2.80716253443526
"Truttaedacnitis pybusae",0,0,1,NA,1,NA
"Truttaedacnitis truttae",0,0,3.5,2.25,2.8,1.72363636363636
"Tschertkovilepis setigera",1,3,5.2,1.56,4.79512735326689,3.0023239871034
"Turgida turgida",1,1,4.36363636363636,3.4435261707989,4.08823529411765,4.22750865051903
"Umingmakstrongylus pallikuukensis",0,0,4.33333333333333,5.55555555555555,4.6,3.17333333333333
"Uncinaria stenocephala",0,0,2,0,2.68627450980392,1.07804690503652
"Urocystis prolifer",1,1,4.33333333333333,5.55555555555555,3.32142857142857,5.50382653061224
"Valipora campylancristrota",0,0,4.23529411764706,1.77470203767782,3.96,1.71224615384615
"Valipora minuta",0,0,4,1.5,4,1.5
"Valipora mutabilis",0,0,4.03571428571429,1.60586734693878,3.91111111111111,1.94765432098765
"Vampirolepis evaginata",0,0,6,0,6,0
"Varestrongylus alpenae",0,0,4.14285714285714,3.45578231292517,4.14285714285714,3.45578231292517
"Varestrongylus capreoli",0,1,3.47272727272727,1.55834710743802,4.125,2.459375
"Varestrongylus eleguneniensis",0,0,4.5,3.65,4.5,3.65
"Varestrongylus pneumonicus",4,4,4.01666666666667,2.89972222222222,4.01666666666667,2.89972222222222
"Varestrongylus sagittatus",2,2,3.70588235294118,1.89878892733564,4.07894736842105,2.27271468144044
"Variolepis farciminosa",2,3,4.45054945054945,2.81898321458761,4.0968660968661,2.45785342651439
"Vaucherilepis trichophorus",0,0,6,0,6,0
"Vigisolepis spinulosa",0,0,3.5,6.25,2.85714285714286,4.12244897959184
"Vigisospirura potekhina",4,4,4.35714285714286,3.30102040816327,4.35714285714286,3.30102040816327
"Wardium fryei",0,0,3.06666666666667,4.90666666666667,3.06666666666667,4.90666666666667
"Wardium fusa",0,0,3.5,4.25,3.64285714285714,2.80102040816327
"Wardium manubriatum",0,0,6,0,6,0
"Wardium paraporale",0,0,6,0,3.3,5.01
"Wardium stellorae",0,0,4.2,4.96,4.2,4.96
